mode,ablation_name,fold_id,n_test_rows,PR_AUC,LogLoss,F1,Precision,Recall,threshold
meta,baseline_full,0,19227,0.533675974588276,0.06471155970022549,0.5149572649572649,0.5724465558194775,0.4679611650485437,0.32
meta,drop_rf,0,19227,0.5407581336422407,0.06437308990312438,0.5124324324324324,0.5780487804878048,0.4601941747572815,0.33
meta,drop_xgb,0,19227,0.5367263567148929,0.06470792946338172,0.5398406374501992,0.5541922290388548,0.5262135922330097,0.25
meta,drop_svm,0,19227,0.5349782385532794,0.06470873690853109,0.5156723963599595,0.5379746835443038,0.49514563106796117,0.29000000000000004
meta,drop_ann,0,19227,0.5378798183245824,0.0643332008835425,0.5136842105263157,0.5609195402298851,0.47378640776699027,0.31
meta,drop_tcn,0,19227,0.5336124297813117,0.06454048884927104,0.5216589861751152,0.4964912280701754,0.5495145631067961,0.23
meta,drop_tcn_gru,0,19227,0.5214715579755973,0.06607627358902875,0.511340206185567,0.545054945054945,0.4815533980582524,0.29000000000000004
meta,drop_lstm,0,19227,0.5279435747864326,0.06603921060096325,0.5267249757045676,0.5272373540856031,0.5262135922330097,0.24000000000000002
meta,drop_gru,0,19227,0.5156703524195076,0.06617085262562505,0.5070422535211268,0.5260960334029228,0.4893203883495146,0.3
meta,drop_hybrid_vse,0,19227,0.5294002920764805,0.06490426980790412,0.5290322580645161,0.5035087719298246,0.5572815533980583,0.22
meta,drop_all_tabular_bases,0,19227,0.5375290765804072,0.0650637111037592,0.5294705294705294,0.5452674897119342,0.5145631067961165,0.25
meta,drop_all_sequential_bases,0,19227,0.3183034796895708,0.08687955508265405,0.34887459807073956,0.29766803840877915,0.42135922330097086,0.22
meta,drop_all_race_context_KEEP_ONLY_PREDS,0,19227,0.537669777169481,0.06402423731342285,0.5196261682242991,0.5009009009009009,0.5398058252427185,0.23
meta,baseline_full,1,19486,0.5280483785824757,0.06481461591125914,0.5052974735126324,0.4341736694677871,0.6042884990253411,0.23
meta,drop_rf,1,19486,0.5303861270152493,0.0641169240955379,0.5138075313807532,0.4501466275659824,0.5984405458089669,0.24000000000000002
meta,drop_xgb,1,19486,0.5177298450900578,0.06654014140772707,0.5025466893039049,0.44511278195488724,0.5769980506822612,0.25
meta,drop_svm,1,19486,0.5276561355856089,0.06487949464097875,0.5148861646234676,0.46740858505564387,0.5730994152046783,0.25
meta,drop_ann,1,19486,0.5223789833108877,0.06509046179265827,0.5078838174273859,0.4421965317919075,0.5964912280701754,0.24000000000000002
meta,drop_tcn,1,19486,0.5223254367933421,0.06468293564839607,0.5170305676855895,0.46835443037974683,0.5769980506822612,0.25
meta,drop_tcn_gru,1,19486,0.5092063223889218,0.06715144728853395,0.48031496062992124,0.40290620871862615,0.594541910331384,0.24000000000000002
meta,drop_lstm,1,19486,0.5103244168703778,0.0666202413085643,0.4946058091286307,0.430635838150289,0.580896686159844,0.24000000000000002
meta,drop_gru,1,19486,0.5232402120650509,0.06584203208771741,0.5058823529411764,0.4446085672082718,0.5867446393762183,0.25
meta,drop_hybrid_vse,1,19486,0.5214872958030685,0.06570515369212594,0.48989113530326595,0.407503234152652,0.6140350877192983,0.22
meta,drop_all_tabular_bases,1,19486,0.5303123517013008,0.06519206445525856,0.5066666666666667,0.46568627450980393,0.5555555555555556,0.26
meta,drop_all_sequential_bases,1,19486,0.3394652107033249,0.08243382845115535,0.34338358458961477,0.3010279001468429,0.3996101364522417,0.21000000000000002
meta,drop_all_race_context_KEEP_ONLY_PREDS,1,19486,0.5266983727573393,0.06345415679421701,0.5181434599156118,0.4568452380952381,0.5984405458089669,0.22
meta,baseline_full,2,19357,0.42302976360082145,0.07743774799384366,0.4491525423728814,0.39730134932533734,0.5165692007797271,0.29000000000000004
meta,drop_rf,2,19357,0.43029576692708316,0.07707389994630896,0.4461805555555556,0.40219092331768386,0.5009746588693957,0.31
meta,drop_xgb,2,19357,0.40789719412412767,0.0806087780504474,0.41420118343195267,0.33373063170441003,0.5458089668615984,0.23
meta,drop_svm,2,19357,0.42409631602252157,0.07737827155224414,0.43050039714058774,0.3632707774798928,0.5282651072124757,0.25
meta,drop_ann,2,19357,0.4262964946369706,0.07737246576648261,0.44313395113732096,0.39020771513353114,0.5126705653021443,0.29000000000000004
meta,drop_tcn,2,19357,0.4191494147143399,0.0772103237431333,0.4448336252189142,0.40381558028616854,0.4951267056530214,0.3
meta,drop_tcn_gru,2,19357,0.4180785680904562,0.07706016303565276,0.44193548387096776,0.3768913342503439,0.5341130604288499,0.24000000000000002
meta,drop_lstm,2,19357,0.41457659976804717,0.07884179878268674,0.40797546012269936,0.336283185840708,0.5185185185185185,0.24000000000000002
meta,drop_gru,2,19357,0.4036946937982942,0.07909898245821224,0.43564356435643564,0.40468227424749165,0.47173489278752434,0.32
meta,drop_hybrid_vse,2,19357,0.4141140050695915,0.07934457726316069,0.43357783211083945,0.37254901960784315,0.5185185185185185,0.27
meta,drop_all_tabular_bases,2,19357,0.43444963755938626,0.07930752122323435,0.4313421256788208,0.3582474226804124,0.5419103313840156,0.25
meta,drop_all_sequential_bases,2,19357,0.26792626700675376,0.0886688656014554,0.3299908842297174,0.3099315068493151,0.35282651072124754,0.21000000000000002
meta,drop_all_race_context_KEEP_ONLY_PREDS,2,19357,0.3939915820505366,0.07745222224936557,0.44427244582043346,0.3684210526315789,0.5594541910331384,0.23
meta,baseline_full,3,19414,0.5128117678592279,0.05809962340618466,0.5225225225225225,0.5144124168514412,0.5308924485125858,0.26
meta,drop_rf,3,19414,0.5140298403864509,0.058052310040592074,0.5137816979051819,0.4957446808510638,0.5331807780320366,0.25
meta,drop_xgb,3,19414,0.4965387496896589,0.0586778761295232,0.5101311084624554,0.5323383084577115,0.4897025171624714,0.27
meta,drop_svm,3,19414,0.5008045710087488,0.05882858379059485,0.5276211950394588,0.52,0.5354691075514875,0.26
meta,drop_ann,3,19414,0.5130279472173597,0.05788102866367052,0.5187713310580204,0.5158371040723982,0.5217391304347826,0.27
meta,drop_tcn,3,19414,0.503766551179486,0.0583199687226794,0.5242030696576151,0.5414634146341464,0.5080091533180778,0.3
meta,drop_tcn_gru,3,19414,0.5161312646156511,0.0586108670242493,0.5056433408577878,0.49888641425389757,0.5125858123569794,0.24000000000000002
meta,drop_lstm,3,19414,0.4778081407918184,0.06005956686933435,0.5074626865671642,0.5092165898617511,0.505720823798627,0.25
meta,drop_gru,3,19414,0.5121392030652163,0.05860523699180261,0.5273972602739726,0.5261958997722096,0.528604118993135,0.28
meta,drop_hybrid_vse,3,19414,0.5060429587098775,0.05871854968214824,0.5160599571734475,0.48490945674044267,0.551487414187643,0.24000000000000002
meta,drop_all_tabular_bases,3,19414,0.4976648914288056,0.05895782075795622,0.5093896713615024,0.5228915662650603,0.4965675057208238,0.26
meta,drop_all_sequential_bases,3,19414,0.30772820666205175,0.0750374350450335,0.342327150084317,0.27102803738317754,0.4645308924485126,0.19
meta,drop_all_race_context_KEEP_ONLY_PREDS,3,19414,0.4943122734808109,0.058749321881930036,0.5157657657657657,0.5077605321507761,0.5240274599542334,0.23
meta,baseline_full,4,19432,0.39420604139025744,0.10059002190749118,0.4083333333333333,0.5077720207253886,0.34146341463414637,0.27
meta,drop_rf,4,19432,0.3904621507528206,0.10116454813750474,0.40976645435244163,0.5244565217391305,0.3362369337979094,0.29000000000000004
meta,drop_xgb,4,19432,0.3692526350362116,0.10261390904558032,0.4127310061601643,0.5025,0.3501742160278746,0.26
meta,drop_svm,4,19432,0.3820952271503756,0.10090880681655157,0.4175152749490835,0.5024509803921569,0.35714285714285715,0.27
meta,drop_ann,4,19432,0.39685897145368043,0.09929727750083704,0.42213114754098363,0.5124378109452736,0.3588850174216028,0.26
meta,drop_tcn,4,19432,0.3920351688315797,0.10052346359560327,0.41092896174863386,0.5513196480938416,0.32752613240418116,0.32
meta,drop_tcn_gru,4,19432,0.3787781539921187,0.1015198359789946,0.40303358613217766,0.5329512893982808,0.3240418118466899,0.32
meta,drop_lstm,4,19432,0.3835066838864705,0.10031113748559278,0.41386782231852653,0.5472779369627507,0.3327526132404181,0.33
meta,drop_gru,4,19432,0.3920568296107265,0.10108895185081467,0.41530054644808745,0.5571847507331378,0.3310104529616725,0.29000000000000004
meta,drop_hybrid_vse,4,19432,0.3931190209236916,0.10183390273685704,0.4004329004329004,0.5285714285714286,0.32229965156794427,0.3
meta,drop_all_tabular_bases,4,19432,0.3558862486036693,0.10345889204877748,0.40836653386454186,0.47674418604651164,0.35714285714285715,0.25
meta,drop_all_sequential_bases,4,19432,0.27165815542168437,0.1097007739865929,0.3072100313479624,0.3838120104438642,0.25609756097560976,0.21000000000000002
meta,drop_all_race_context_KEEP_ONLY_PREDS,4,19432,0.3987778216917408,0.09687847040865893,0.4239917269906929,0.5216284987277354,0.35714285714285715,0.24000000000000002
