mode,model_kind,ablation_name,fold_id,n_test_rows,threshold,PR_AUC,LogLoss,F1,Precision,Recall,TP,FP,FN,TN
base,xgb,baseline_full,0,19525,0.34,0.47582612254989404,0.07069152746888045,0.49552772808586765,0.4453376205787781,0.5584677419354839,277,345,219,18684
base,xgb,drop_G_race_phase,0,19525,0.36000000000000004,0.4137369923775792,0.07869543904575173,0.4614065180102916,0.4014925373134328,0.5423387096774194,269,401,227,18628
base,xgb,drop_G_race_control,0,19525,0.37,0.44941115678128946,0.07233680568707601,0.49725776965265084,0.45484949832775917,0.5483870967741935,272,326,224,18703
base,xgb,drop_G_track,0,19525,0.3,0.3177648212237294,0.08918308103773849,0.3437779767233662,0.30917874396135264,0.3870967741935484,192,429,304,18600
base,xgb,drop_G_tyre_state,0,19525,0.3,0.4638203964828435,0.07221338158880643,0.45476381104883906,0.37715803452855245,0.5725806451612904,284,469,212,18560
base,xgb,drop_G_strategy_history,0,19525,0.36000000000000004,0.4716371269404351,0.07192040115897375,0.496,0.4435612082670906,0.5625,279,350,217,18679
base,xgb,drop_G_pace,0,19525,0.24000000000000002,0.20000130055210114,0.09259714417056045,0.22857142857142856,0.22350674373795762,0.23387096774193547,116,403,380,18626
base,xgb,drop_G_traffic_proximity,0,19525,0.32,0.4237521914516854,0.07621665748196482,0.494641384995878,0.41841004184100417,0.6048387096774194,300,417,196,18612
base,xgb,drop_G_undercut_defence,0,19525,0.32,0.4562936307959642,0.07332878016012243,0.4896265560165975,0.41607898448519043,0.594758064516129,295,414,201,18615
base,xgb,drop_G_undercut_window,0,19525,0.36000000000000004,0.4645556265725044,0.0747285908128327,0.46851385390428213,0.4014388489208633,0.5625,279,416,217,18613
base,xgb,drop_G_weather,0,19525,0.35000000000000003,0.47381003808014094,0.07056744187994307,0.49601417183348095,0.4423380726698262,0.5645161290322581,280,353,216,18676
base,xgb,drop_ENGINEERED_ALL,0,19525,0.35000000000000003,0.44867617693729567,0.0776944142314608,0.4647773279352227,0.38836265223274696,0.5786290322580645,287,452,209,18577
base,xgb,drop_COL_fcy_status,0,19525,0.37,0.44941115678128946,0.07233680568707601,0.49725776965265084,0.45484949832775917,0.5483870967741935,272,326,224,18703
base,xgb,drop_COL_track_category,0,19525,0.36000000000000004,0.45592914901940435,0.07313087340330908,0.4778761061946903,0.42586750788643535,0.5443548387096774,270,364,226,18665
base,xgb,drop_COL_tyre_change_pursuer,0,19525,0.38,0.4692239844920317,0.07199621115427994,0.492619926199262,0.45408163265306123,0.5383064516129032,267,321,229,18708
base,xgb,drop_COL_close_ahead,0,19525,0.36000000000000004,0.45274681839445263,0.07343792217926914,0.49913344887348354,0.4376899696048632,0.5806451612903226,288,370,208,18659
base,xgb,drop_COL_gap_behind_s,0,19525,0.33,0.480348584624167,0.07160928188584155,0.499151103565365,0.4310850439882698,0.592741935483871,294,388,202,18641
base,xgb,drop_COL_n_cars_within_5s_ahead,0,19525,0.38,0.46472597025725576,0.07145538690913385,0.49577464788732395,0.46397188049209137,0.532258064516129,264,305,232,18724
base,xgb,drop_COL_tyre_age_diff_to_ahead,0,19525,0.36000000000000004,0.46180710550900156,0.07309284511536251,0.4908296943231441,0.43297380585516176,0.5665322580645161,281,368,215,18661
base,xgb,drop_COL_rejoin_gap_ahead_est_s,0,19525,0.34,0.4612107608582628,0.07301166537006641,0.5055131467345207,0.4363103953147877,0.6008064516129032,298,385,198,18644
base,xgb,drop_COL_rejoin_gap_behind_est_s,0,19525,0.36000000000000004,0.4790687546288205,0.07084492282027588,0.49272727272727274,0.44867549668874174,0.5463709677419355,271,333,225,18696
base,xgb,drop_UNDERCUT_PACK,0,19525,0.33,0.4432155212911645,0.07782453786399494,0.47980997624703087,0.39504563233376794,0.6108870967741935,303,464,193,18565
base,xgb,baseline_full,1,19449,0.35000000000000003,0.390214899650129,0.08532097975050076,0.47373107747105964,0.4658493870402802,0.48188405797101447,266,305,286,18592
base,xgb,drop_G_race_phase,1,19449,0.29000000000000004,0.3977980838290355,0.08339890841348714,0.47619047619047616,0.47237076648841353,0.48007246376811596,265,296,287,18601
base,xgb,drop_G_race_control,1,19449,0.35000000000000003,0.3926981818830569,0.08462235068209685,0.44525547445255476,0.4485294117647059,0.4420289855072464,244,300,308,18597
base,xgb,drop_G_track,1,19449,0.28,0.3420372024201628,0.08680196679424615,0.37842778793418647,0.38191881918819187,0.375,207,335,345,18562
base,xgb,drop_G_tyre_state,1,19449,0.32,0.3777862110996166,0.08818109596444786,0.44485294117647056,0.45149253731343286,0.4384057971014493,242,294,310,18603
base,xgb,drop_G_strategy_history,1,19449,0.35000000000000003,0.3753014071240847,0.08718470254787505,0.45302897278314314,0.4395229982964225,0.4673913043478261,258,329,294,18568
base,xgb,drop_G_pace,1,19449,0.22,0.2192314393841552,0.10308684407994512,0.2684251357641583,0.23473541383989144,0.3134057971014493,173,564,379,18333
base,xgb,drop_G_traffic_proximity,1,19449,0.29000000000000004,0.33699373073392175,0.0933963747743944,0.42476489028213166,0.3743093922651934,0.49094202898550726,271,453,281,18444
base,xgb,drop_G_undercut_defence,1,19449,0.32,0.3789220009328812,0.08695449156375494,0.4573839662447257,0.42812006319115326,0.49094202898550726,271,362,281,18535
base,xgb,drop_G_undercut_window,1,19449,0.35000000000000003,0.36224952497088847,0.08944738453440194,0.4517241379310345,0.4309210526315789,0.4746376811594203,262,346,290,18551
base,xgb,drop_G_weather,1,19449,0.32,0.38691039902909913,0.08696116247354961,0.4495335029686175,0.4226475279106858,0.48007246376811596,265,362,287,18535
base,xgb,drop_ENGINEERED_ALL,1,19449,0.33,0.33862677923929035,0.09494192451943562,0.4261168384879725,0.40522875816993464,0.4492753623188406,248,364,304,18533
base,xgb,drop_COL_fcy_status,1,19449,0.35000000000000003,0.3926981818830569,0.08462235068209685,0.44525547445255476,0.4485294117647059,0.4420289855072464,244,300,308,18597
base,xgb,drop_COL_track_category,1,19449,0.34,0.38629769899345207,0.08770126264432494,0.43263061411549036,0.437847866419295,0.427536231884058,236,303,316,18594
base,xgb,drop_COL_tyre_change_pursuer,1,19449,0.35000000000000003,0.3858220597477289,0.0857168580653875,0.4452423698384201,0.4412811387900356,0.4492753623188406,248,314,304,18583
base,xgb,drop_COL_close_ahead,1,19449,0.35000000000000003,0.381702575851752,0.08734921031792624,0.4624889673433363,0.4509466437177281,0.4746376811594203,262,319,290,18578
base,xgb,drop_COL_gap_behind_s,1,19449,0.36000000000000004,0.37443803468402714,0.08786256995249156,0.4551223934723481,0.455535390199637,0.45471014492753625,251,300,301,18597
base,xgb,drop_COL_n_cars_within_5s_ahead,1,19449,0.37,0.3808161023126238,0.08706747621690736,0.460431654676259,0.45714285714285713,0.463768115942029,256,304,296,18593
base,xgb,drop_COL_tyre_age_diff_to_ahead,1,19449,0.35000000000000003,0.38270985017846365,0.08535145341406386,0.4524017467248908,0.43676222596964587,0.4692028985507246,259,334,293,18563
base,xgb,drop_COL_rejoin_gap_ahead_est_s,1,19449,0.35000000000000003,0.364443421445127,0.08940277613727844,0.4503424657534247,0.42694805194805197,0.47644927536231885,263,353,289,18544
base,xgb,drop_COL_rejoin_gap_behind_est_s,1,19449,0.34,0.36794226874323943,0.08771396435622815,0.43500866551126516,0.4169435215946844,0.45471014492753625,251,351,301,18546
base,xgb,drop_UNDERCUT_PACK,1,19449,0.33,0.3315089841438781,0.09536445702068272,0.42939719240297275,0.3945371775417299,0.47101449275362317,260,399,292,18498
base,xgb,baseline_full,2,19527,0.32,0.3986317634705737,0.07621935715867705,0.43619909502262444,0.3937908496732026,0.48884381338742394,241,371,252,18663
base,xgb,drop_G_race_phase,2,19527,0.35000000000000003,0.3826800299639393,0.07916707691366721,0.4187380497131931,0.3960216998191682,0.44421906693711966,219,334,274,18700
base,xgb,drop_G_race_control,2,19527,0.34,0.36074780621275193,0.0815174312265959,0.4158415841584158,0.3737864077669903,0.4685598377281947,231,387,262,18647
base,xgb,drop_G_track,2,19527,0.27,0.30412277572518287,0.08415016544427946,0.3448275862068966,0.33524904214559387,0.35496957403651114,175,347,318,18687
base,xgb,drop_G_tyre_state,2,19527,0.33,0.28702782799967436,0.09202325275700998,0.3854425144747725,0.3254189944134078,0.4726166328600406,233,483,260,18551
base,xgb,drop_G_strategy_history,2,19527,0.33,0.42696685564045245,0.07170628062490637,0.4489402697495183,0.42752293577981654,0.4726166328600406,233,312,260,18722
base,xgb,drop_G_pace,2,19527,0.23,0.22966805394650602,0.08999327827042708,0.2869022869022869,0.2942430703624733,0.2799188640973631,138,331,355,18703
base,xgb,drop_G_traffic_proximity,2,19527,0.33,0.36711980150991663,0.08062169896152561,0.4092940125111707,0.365814696485623,0.4645030425963489,229,397,264,18637
base,xgb,drop_G_undercut_defence,2,19527,0.33,0.3693191698115146,0.07959315983613129,0.41139804096170973,0.36666666666666664,0.4685598377281947,231,399,262,18635
base,xgb,drop_G_undercut_window,2,19527,0.32,0.387465606785097,0.07824652437116893,0.425,0.379585326953748,0.4827586206896552,238,389,255,18645
base,xgb,drop_G_weather,2,19527,0.36000000000000004,0.4151496598295731,0.0750646468622353,0.4180790960451977,0.39015817223198596,0.45030425963488846,222,347,271,18687
base,xgb,drop_ENGINEERED_ALL,2,19527,0.33,0.35511516643050267,0.08115518613283687,0.4188393608074012,0.3577586206896552,0.5050709939148073,249,447,244,18587
base,xgb,drop_COL_fcy_status,2,19527,0.34,0.36074780621275193,0.0815174312265959,0.4158415841584158,0.3737864077669903,0.4685598377281947,231,387,262,18647
base,xgb,drop_COL_track_category,2,19527,0.35000000000000003,0.3757925331614793,0.07829601430602078,0.41488372093023257,0.38316151202749144,0.45233265720081134,223,359,270,18675
base,xgb,drop_COL_tyre_change_pursuer,2,19527,0.37,0.3762755116478761,0.07886881885339284,0.416195856873823,0.3884007029876977,0.4482758620689655,221,348,272,18686
base,xgb,drop_COL_close_ahead,2,19527,0.32,0.3544538306659254,0.08151603625736491,0.41354723707664887,0.3688394276629571,0.47058823529411764,232,397,261,18637
base,xgb,drop_COL_gap_behind_s,2,19527,0.3,0.35815862583221825,0.08189625168042892,0.41480206540447506,0.3602391629297459,0.48884381338742394,241,428,252,18606
base,xgb,drop_COL_n_cars_within_5s_ahead,2,19527,0.35000000000000003,0.35659394947578943,0.08228170887600468,0.4025735294117647,0.3680672268907563,0.44421906693711966,219,376,274,18658
base,xgb,drop_COL_tyre_age_diff_to_ahead,2,19527,0.36000000000000004,0.3588898375897555,0.08069435031209389,0.41284403669724773,0.3768844221105528,0.4563894523326572,225,372,268,18662
base,xgb,drop_COL_rejoin_gap_ahead_est_s,2,19527,0.35000000000000003,0.3832931899763555,0.07889331369420517,0.42318307267709293,0.3872053872053872,0.4665314401622718,230,364,263,18670
base,xgb,drop_COL_rejoin_gap_behind_est_s,2,19527,0.34,0.35685062050650673,0.08247086823157451,0.41298467087466184,0.3717532467532468,0.4645030425963489,229,387,264,18647
base,xgb,drop_UNDERCUT_PACK,2,19527,0.32,0.3518584473181392,0.08355715295728787,0.41161825726141077,0.34831460674157305,0.5030425963488844,248,464,245,18570
base,xgb,baseline_full,3,19436,0.34,0.5446382800281859,0.06260244613459953,0.5412004069175992,0.539553752535497,0.5428571428571428,266,227,224,18719
base,xgb,drop_G_race_phase,3,19436,0.33,0.539395069768495,0.06415825823059824,0.5394190871369294,0.5485232067510548,0.5306122448979592,260,214,230,18732
base,xgb,drop_G_race_control,3,19436,0.34,0.5331762945405121,0.06376984742711549,0.5264207377866401,0.5146198830409356,0.5387755102040817,264,249,226,18697
base,xgb,drop_G_track,3,19436,0.3,0.3136441230870394,0.08590081287200865,0.3611911623439001,0.3411978221415608,0.3836734693877551,188,363,302,18583
base,xgb,drop_G_tyre_state,3,19436,0.3,0.5893122865595821,0.05850497030905989,0.5739320920043811,0.6193853427895981,0.5346938775510204,262,161,228,18785
base,xgb,drop_G_strategy_history,3,19436,0.32,0.4862707963245644,0.06674369652561946,0.5183098591549296,0.48,0.563265306122449,276,299,214,18647
base,xgb,drop_G_pace,3,19436,0.25,0.20047560338816417,0.09891211042591888,0.2549800796812749,0.2490272373540856,0.2612244897959184,128,386,362,18560
base,xgb,drop_G_traffic_proximity,3,19436,0.33,0.5484799747824104,0.06275195364789288,0.5187376725838264,0.5019083969465649,0.536734693877551,263,261,227,18685
base,xgb,drop_G_undercut_defence,3,19436,0.32,0.5401045248145976,0.06343324457368907,0.5463510848126233,0.5286259541984732,0.5653061224489796,277,247,213,18699
base,xgb,drop_G_undercut_window,3,19436,0.29000000000000004,0.5028704511084193,0.0653923962447926,0.5201465201465202,0.4717607973421927,0.5795918367346938,284,318,206,18628
base,xgb,drop_G_weather,3,19436,0.31,0.5391444641666031,0.06313526660945865,0.5438765670202508,0.5155393053016454,0.5755102040816327,282,265,208,18681
base,xgb,drop_ENGINEERED_ALL,3,19436,0.34,0.4352017531237474,0.07008565635300293,0.5139664804469274,0.4726027397260274,0.563265306122449,276,308,214,18638
base,xgb,drop_COL_fcy_status,3,19436,0.34,0.5331762945405121,0.06376984742711549,0.5264207377866401,0.5146198830409356,0.5387755102040817,264,249,226,18697
base,xgb,drop_COL_track_category,3,19436,0.32,0.5258449179857136,0.06296856984597049,0.541544477028348,0.5196998123827392,0.5653061224489796,277,256,213,18690
base,xgb,drop_COL_tyre_change_pursuer,3,19436,0.35000000000000003,0.494333016442976,0.0656052748510076,0.5337301587301587,0.5193050193050193,0.5489795918367347,269,249,221,18697
base,xgb,drop_COL_close_ahead,3,19436,0.33,0.5363241723545996,0.06286404750585853,0.527363184079602,0.5145631067961165,0.5408163265306123,265,250,225,18696
base,xgb,drop_COL_gap_behind_s,3,19436,0.31,0.5146642396767083,0.06411566896992704,0.5458052073288332,0.5173674588665448,0.5775510204081633,283,264,207,18682
base,xgb,drop_COL_n_cars_within_5s_ahead,3,19436,0.37,0.513095419518883,0.06428644474893405,0.524896265560166,0.5337552742616034,0.5163265306122449,253,221,237,18725
base,xgb,drop_COL_tyre_age_diff_to_ahead,3,19436,0.3,0.5061771974351331,0.06576369429217903,0.5263157894736842,0.4878048780487805,0.5714285714285714,280,294,210,18652
base,xgb,drop_COL_rejoin_gap_ahead_est_s,3,19436,0.36000000000000004,0.5327295380788326,0.06280131270505171,0.5297741273100616,0.5330578512396694,0.5265306122448979,258,226,232,18720
base,xgb,drop_COL_rejoin_gap_behind_est_s,3,19436,0.3,0.5236337589142163,0.06460601473855718,0.5098777046095955,0.47294938917975565,0.5530612244897959,271,302,219,18644
base,xgb,drop_UNDERCUT_PACK,3,19436,0.34,0.4868510607661883,0.06844556137350002,0.5041095890410959,0.456198347107438,0.563265306122449,276,329,214,18617
base,xgb,baseline_full,4,19504,0.32,0.34645643151973277,0.09355585723418995,0.4066390041493776,0.37177541729893776,0.44871794871794873,245,414,301,18544
base,xgb,drop_G_race_phase,4,19504,0.3,0.31383999654930167,0.09908195903218422,0.37695590327169276,0.3081395348837209,0.48534798534798534,265,595,281,18363
base,xgb,drop_G_race_control,4,19504,0.37,0.3330016090275054,0.0960571256928204,0.40476190476190477,0.37777777777777777,0.4358974358974359,238,392,308,18566
base,xgb,drop_G_track,4,19504,0.29000000000000004,0.29726856378558936,0.10050936017641439,0.33140655105973027,0.34959349593495936,0.315018315018315,172,320,374,18638
base,xgb,drop_G_tyre_state,4,19504,0.34,0.27440526655710273,0.10674798532487761,0.340080971659919,0.3047895500725689,0.38461538461538464,210,479,336,18479
base,xgb,drop_G_strategy_history,4,19504,0.37,0.33718762526839235,0.09297912161970948,0.39404553415061294,0.3775167785234899,0.41208791208791207,225,371,321,18587
base,xgb,drop_G_pace,4,19504,0.23,0.17886591392345555,0.12144669687417466,0.22648752399232247,0.23790322580645162,0.21611721611721613,118,378,428,18580
base,xgb,drop_G_traffic_proximity,4,19504,0.36000000000000004,0.29886683899608385,0.1020119828300787,0.38156831042845596,0.341534008683068,0.43223443223443225,236,455,310,18503
base,xgb,drop_G_undercut_defence,4,19504,0.33,0.32569523467808986,0.09640616349648021,0.3885245901639344,0.3516320474777448,0.4340659340659341,237,437,309,18521
base,xgb,drop_G_undercut_window,4,19504,0.33,0.30412173034997725,0.10392960657572545,0.3919354838709677,0.35014409221902015,0.44505494505494503,243,451,303,18507
base,xgb,drop_G_weather,4,19504,0.32,0.3347427224547383,0.09732770823169246,0.40323886639676115,0.3613933236574746,0.45604395604395603,249,440,297,18518
base,xgb,drop_ENGINEERED_ALL,4,19504,0.39,0.2948145080065551,0.10413932104210372,0.389948006932409,0.37006578947368424,0.41208791208791207,225,383,321,18575
base,xgb,drop_COL_fcy_status,4,19504,0.37,0.3330016090275054,0.0960571256928204,0.40476190476190477,0.37777777777777777,0.4358974358974359,238,392,308,18566
base,xgb,drop_COL_track_category,4,19504,0.33,0.33523111319550736,0.09637619420135747,0.4105523495465787,0.3733133433283358,0.45604395604395603,249,418,297,18540
base,xgb,drop_COL_tyre_change_pursuer,4,19504,0.37,0.3338534258746684,0.09499238433131305,0.4020618556701031,0.3786407766990291,0.42857142857142855,234,384,312,18574
base,xgb,drop_COL_close_ahead,4,19504,0.32,0.3255481042302662,0.09695900665738144,0.3964544721998388,0.3539568345323741,0.45054945054945056,246,449,300,18509
base,xgb,drop_COL_gap_behind_s,4,19504,0.34,0.31265770623016814,0.09853872795011183,0.38487394957983195,0.3555900621118012,0.4194139194139194,229,415,317,18543
base,xgb,drop_COL_n_cars_within_5s_ahead,4,19504,0.34,0.32607070649971054,0.09819326113566379,0.40596520298260147,0.37065052950075644,0.44871794871794873,245,416,301,18542
base,xgb,drop_COL_tyre_age_diff_to_ahead,4,19504,0.35000000000000003,0.3247325420604086,0.0985572354570004,0.39865996649916247,0.36728395061728397,0.4358974358974359,238,410,308,18548
base,xgb,drop_COL_rejoin_gap_ahead_est_s,4,19504,0.37,0.32879647282434765,0.0966749865146688,0.41385281385281386,0.3924466338259442,0.43772893772893773,239,370,307,18588
base,xgb,drop_COL_rejoin_gap_behind_est_s,4,19504,0.33,0.3402537870489212,0.09566073534981902,0.39932885906040266,0.3684210526315789,0.4358974358974359,238,408,308,18550
base,xgb,drop_UNDERCUT_PACK,4,19504,0.35000000000000003,0.29748220256278457,0.10213064875712256,0.38941076003415886,0.3648,0.4175824175824176,228,397,318,18561
