number,value,datetime_start,datetime_complete,duration,params_C,params_calib_cv,params_calib_method,params_class_weight_mode,params_gamma,params_kernel,params_max_iter,params_pos_weight,params_tol,state
0,0.13482864830572505,2026-02-26 00:57:26.310245,2026-02-26 00:57:34.103199,0 days 00:00:07.792954,0.04207988669606638,5,isotonic,balanced,6.025215736203858e-05,rbf,,,,COMPLETE
1,0.1372334535614921,2026-02-26 00:57:34.226676,2026-02-26 00:57:38.065706,0 days 00:00:03.839030,0.053370327626039576,3,isotonic,balanced,8.260808399079601e-05,rbf,,,,COMPLETE
2,0.13482864830572505,2026-02-26 00:59:43.902137,2026-02-26 00:59:51.791073,0 days 00:00:07.888936,0.04207988669606638,5,isotonic,balanced,6.025215736203858e-05,rbf,,,,COMPLETE
3,0.1372334535614921,2026-02-26 00:59:51.873054,2026-02-26 00:59:55.935199,0 days 00:00:04.062145,0.053370327626039576,3,isotonic,balanced,8.260808399079601e-05,rbf,,,,COMPLETE
4,,2026-02-26 01:00:18.675820,2026-02-26 01:00:22.455148,0 days 00:00:03.779328,0.04207988669606638,5,isotonic,balanced,6.025215736203858e-05,rbf,,,,FAIL
5,,2026-02-26 01:06:10.704138,2026-02-26 01:06:52.116679,0 days 00:00:41.412541,0.04207988669606638,5,isotonic,balanced,6.025215736203858e-05,rbf,,,,FAIL
6,,2026-02-26 10:17:41.491619,2026-02-26 10:18:23.734470,0 days 00:00:42.242851,0.04207988669606638,5,isotonic,balanced,6.025215736203858e-05,rbf,,,,FAIL
7,0.12754909695151492,2026-02-26 10:24:27.227988,2026-02-26 10:27:47.882006,0 days 00:03:20.654018,0.04207988669606638,5,isotonic,balanced,6.025215736203858e-05,rbf,,,,COMPLETE
8,0.11904856045922556,2026-02-26 10:27:47.937618,2026-02-26 10:29:24.463388,0 days 00:01:36.525770,0.053370327626039576,3,isotonic,balanced,8.260808399079601e-05,rbf,,,,COMPLETE
9,0.11714336514055172,2026-02-26 10:29:24.511348,2026-02-26 10:29:29.110949,0 days 00:00:04.599601,8.43101393208247,3,sigmoid,custom,,linear,11256.0,27.50868998350635,6.290644294586145e-06,COMPLETE
10,0.11102872679566286,2026-02-26 10:29:29.157507,2026-02-26 10:32:47.962193,0 days 00:03:18.804686,0.1653693718282443,5,sigmoid,balanced,3.0786517836196185e-05,rbf,,,,COMPLETE
11,0.14494087214759693,2026-02-26 10:32:48.006457,2026-02-26 10:33:50.275714,0 days 00:01:02.269257,1.2030178871154673,5,isotonic,custom,0.005414413211338522,rbf,,18.607612737929685,,COMPLETE
12,0.11331063513869104,2026-02-26 10:33:50.317345,2026-02-26 10:33:52.386573,0 days 00:00:02.069228,0.009548041810464166,3,sigmoid,balanced,,linear,7856.0,,1.5167330688076198e-06,COMPLETE
13,0.11299426290687184,2026-02-26 10:33:52.413580,2026-02-26 10:33:53.861223,0 days 00:00:01.447643,0.0012297288957910158,5,sigmoid,custom,,linear,18338.0,110.49792135622293,0.0076456837836056,COMPLETE
14,0.11303096312424274,2026-02-26 10:33:53.901383,2026-02-26 10:33:55.424703,0 days 00:00:01.523320,0.001196137216832821,5,sigmoid,custom,,linear,19854.0,117.55682524539162,0.004990937239757115,COMPLETE
15,0.11399201938080827,2026-02-26 10:33:55.454691,2026-02-26 10:33:59.883561,0 days 00:00:04.428870,29.48231121350256,5,sigmoid,custom,,linear,19978.0,101.49961900352919,0.007607975591334988,COMPLETE
16,0.1101674217146252,2026-02-26 10:33:59.913393,2026-02-26 10:34:00.585865,0 days 00:00:00.672472,0.0012101306518726902,5,sigmoid,custom,,linear,13896.0,8.232956023329505,0.00022769339956247382,COMPLETE
17,0.11406991519641259,2026-02-26 10:34:00.636578,2026-02-26 10:34:07.370785,0 days 00:00:06.734207,0.7120334719331592,5,sigmoid,custom,,linear,2407.0,9.120004013527092,0.00015282726063969233,COMPLETE
18,0.11366865170390393,2026-02-26 10:34:07.397553,2026-02-26 10:34:08.443133,0 days 00:00:01.045580,0.00574743740336265,5,sigmoid,custom,,linear,13489.0,8.848387792335625,0.00014343781402099907,PRUNED
19,0.11358379549160232,2026-02-26 10:34:08.476827,2026-02-26 10:39:51.977664,0 days 00:05:43.500837,0.5812090161683624,5,sigmoid,custom,0.5904029530517971,rbf,,44.12314314415587,,COMPLETE
20,0.10919609984575712,2026-02-26 10:39:52.006353,2026-02-26 10:39:57.876861,0 days 00:00:05.870508,4.394576447232801,5,sigmoid,balanced,,linear,14039.0,,0.0007487901881661367,PRUNED
21,0.11148964140103215,2026-02-26 10:39:57.905919,2026-02-26 10:40:37.752722,0 days 00:00:39.846803,67.72972478679702,5,sigmoid,balanced,0.002865930401667481,rbf,,,,COMPLETE
22,0.11515457033193448,2026-02-26 10:40:37.792009,2026-02-26 10:40:46.126818,0 days 00:00:08.334809,0.16634783211001627,5,sigmoid,custom,,linear,6753.0,15.793222157881068,1.4946555983928273e-05,PRUNED
23,0.11237170343415033,2026-02-26 10:40:46.158375,2026-02-26 10:40:47.677542,0 days 00:00:01.519167,0.004920094325255434,5,sigmoid,balanced,,linear,15094.0,,0.0005124391179202885,PRUNED
24,0.11023466523431176,2026-02-26 10:40:47.703266,2026-02-26 10:41:25.629441,0 days 00:00:37.926175,82.644112357862,5,sigmoid,balanced,0.003710272331277597,rbf,,,,COMPLETE
25,0.11571818914730599,2026-02-26 10:41:25.658087,2026-02-26 10:43:03.352391,0 days 00:01:37.694304,2.444626493876018,5,sigmoid,balanced,0.0018461870586846852,rbf,,,,COMPLETE
26,0.10706375303657387,2026-02-26 10:43:03.387269,2026-02-26 10:43:33.904694,0 days 00:00:30.517425,15.06532213289809,5,sigmoid,balanced,0.03833499244521219,rbf,,,,COMPLETE
27,0.10691823250447026,2026-02-26 10:43:33.952885,2026-02-26 10:44:05.028964,0 days 00:00:31.076079,94.46037857139818,5,sigmoid,balanced,0.05067783841951689,rbf,,,,COMPLETE
28,0.10777648986649442,2026-02-26 10:44:05.073866,2026-02-26 10:47:01.975870,0 days 00:02:56.902004,21.8984870868776,5,sigmoid,balanced,0.2741829502051562,rbf,,,,COMPLETE
29,0.10815239109746992,2026-02-26 10:47:02.012813,2026-02-26 10:47:35.617674,0 days 00:00:33.604861,19.648070704573634,3,sigmoid,balanced,0.20570075428449078,rbf,,,,COMPLETE
30,0.10701331849692661,2026-02-26 10:47:35.653767,2026-02-26 10:48:07.100388,0 days 00:00:31.446621,29.264337561605398,5,sigmoid,balanced,0.05842867296505429,rbf,,,,COMPLETE
31,0.10675724384318439,2026-02-26 10:48:07.137056,2026-02-26 10:48:38.014562,0 days 00:00:30.877506,41.27812977330814,5,sigmoid,balanced,0.04033271090953131,rbf,,,,COMPLETE
32,0.10665651935711515,2026-02-26 10:48:38.075168,2026-02-26 10:49:09.206338,0 days 00:00:31.131170,45.21288185620837,5,sigmoid,balanced,0.034210911347614975,rbf,,,,COMPLETE
33,0.10674431277661,2026-02-26 10:49:09.266941,2026-02-26 10:49:41.337076,0 days 00:00:32.070135,50.17713621336573,5,sigmoid,balanced,0.023129879350141214,rbf,,,,COMPLETE
34,0.10685018670561527,2026-02-26 10:49:41.365759,2026-02-26 10:50:13.686648,0 days 00:00:32.320889,50.867535142487775,5,sigmoid,balanced,0.020535468579315996,rbf,,,,COMPLETE
35,0.10766983819845936,2026-02-26 10:50:13.713862,2026-02-26 10:50:48.041596,0 days 00:00:34.327734,50.54403931365894,5,sigmoid,balanced,0.011884115282463263,rbf,,,,COMPLETE
36,0.10744196368249144,2026-02-26 10:50:48.076002,2026-02-26 10:51:21.157662,0 days 00:00:33.081660,7.855860162749438,5,sigmoid,balanced,0.020778558504482635,rbf,,,,COMPLETE
37,0.1126399129068782,2026-02-26 10:51:21.189871,2026-02-26 10:51:53.027894,0 days 00:00:31.838023,42.97669744489191,3,isotonic,balanced,0.0009503533342390386,rbf,,,,PRUNED
38,0.11993674854660681,2026-02-26 10:51:53.075273,2026-02-26 10:52:28.703065,0 days 00:00:35.627792,12.475173689073277,5,isotonic,balanced,0.011809346629041196,rbf,,,,COMPLETE
39,0.10717148720451626,2026-02-26 10:52:28.736576,2026-02-26 10:53:08.767776,0 days 00:00:40.031200,41.96361815096058,5,sigmoid,balanced,0.10883076276957179,rbf,,,,COMPLETE
40,0.11705093483837148,2026-02-26 10:53:08.795400,2026-02-26 10:53:55.867301,0 days 00:00:47.071901,8.249636822927823,3,isotonic,balanced,0.0005297523653272855,rbf,,,,PRUNED
41,0.10704560774512392,2026-02-26 10:53:55.909360,2026-02-26 10:54:38.795498,0 days 00:00:42.886138,3.7159124192078026,5,sigmoid,balanced,0.01878051994358399,rbf,,,,COMPLETE
42,0.1070897054394186,2026-02-26 10:54:38.832478,2026-02-26 10:55:22.739715,0 days 00:00:43.907237,56.77318250807969,5,sigmoid,balanced,0.12373096048743278,rbf,,,,COMPLETE
43,0.10143038444121372,2026-02-26 10:55:22.771083,2026-02-26 10:55:39.372999,0 days 00:00:16.601916,29.995433152904575,3,isotonic,balanced,0.008139115128010202,rbf,,,,PRUNED
44,0.10672697167940329,2026-02-26 10:55:39.395948,2026-02-26 10:56:09.832657,0 days 00:00:30.436709,89.67591216318486,5,sigmoid,balanced,0.03783620945641945,rbf,,,,COMPLETE
45,0.10674172469799426,2026-02-26 10:56:09.866498,2026-02-26 10:56:40.442712,0 days 00:00:30.576214,62.77317820787261,5,sigmoid,balanced,0.03863087053261567,rbf,,,,COMPLETE
46,0.10678012475929663,2026-02-26 10:56:40.475794,2026-02-26 10:57:11.265017,0 days 00:00:30.789223,95.33072580438787,5,sigmoid,balanced,0.04126067101213696,rbf,,,,COMPLETE
47,0.1071589634668995,2026-02-26 10:57:11.291489,2026-02-26 10:57:47.225257,0 days 00:00:35.933768,11.830097418431336,5,sigmoid,balanced,0.09107690410077708,rbf,,,,COMPLETE
48,0.10830934247024385,2026-02-26 10:57:47.253157,2026-02-26 11:01:09.458486,0 days 00:03:22.205329,36.21251630870279,5,sigmoid,balanced,0.31264902808895867,rbf,,,,COMPLETE
49,0.10677595108724056,2026-02-26 11:12:08.099583,2026-02-26 11:12:38.696345,0 days 00:00:30.596762,24.281708108750575,5,sigmoid,balanced,0.04017555853350587,rbf,,,,COMPLETE
50,0.10066305915976945,2026-02-26 11:12:38.728277,2026-02-26 11:18:57.423975,0 days 00:06:18.695698,16.988249078074332,5,sigmoid,balanced,0.8319856164499779,rbf,,,,PRUNED
51,0.11582167278178586,2026-02-26 11:18:57.449335,2026-02-26 11:19:12.175353,0 days 00:00:14.726018,66.38035939214815,3,isotonic,balanced,0.023789850119717754,rbf,,,,COMPLETE
52,0.10719589839233264,2026-02-26 11:19:12.215275,2026-02-26 11:19:49.126470,0 days 00:00:36.911195,64.93398485765766,5,sigmoid,balanced,0.09845942625033002,rbf,,,,COMPLETE
53,0.09277921074120973,2026-02-26 11:19:49.155761,2026-02-26 11:20:41.676989,0 days 00:00:52.521228,6.094125426825979,5,sigmoid,balanced,0.007619783897043568,rbf,,,,PRUNED
54,0.10676741889306776,2026-02-26 11:20:41.703451,2026-02-26 11:21:12.230849,0 days 00:00:30.527398,24.87971310836659,5,sigmoid,balanced,0.031032129659694253,rbf,,,,COMPLETE
55,0.10709830691817661,2026-02-26 11:21:12.265774,2026-02-26 11:21:43.745360,0 days 00:00:31.479586,34.93241503609504,5,sigmoid,balanced,0.06604876230219983,rbf,,,,COMPLETE
56,0.10692691814454322,2026-02-26 11:21:43.780966,2026-02-26 11:22:42.159249,0 days 00:00:58.378283,75.45960585706695,5,sigmoid,balanced,0.17553274572068786,rbf,,,,COMPLETE
57,0.10696062280302843,2026-02-26 11:22:42.353934,2026-02-26 11:23:13.164595,0 days 00:00:30.810661,22.822478012169917,5,sigmoid,balanced,0.02457282153932844,rbf,,,,COMPLETE
58,0.09087843884612609,2026-02-26 11:23:13.194167,2026-02-26 11:23:46.266318,0 days 00:00:33.072151,96.06309471362098,5,sigmoid,balanced,0.013489306544751754,rbf,,,,PRUNED
59,0.09551371822347972,2026-02-26 11:23:46.291471,2026-02-26 11:24:27.922963,0 days 00:00:41.631492,11.569689621267381,5,sigmoid,custom,0.004991150051360761,rbf,,57.02248375210939,,PRUNED
60,0.10598184068659226,2026-02-26 11:24:27.948547,2026-02-26 11:25:12.009853,0 days 00:00:44.061306,1.4166747096307422,5,sigmoid,balanced,0.04031387454567317,rbf,,,,COMPLETE
61,0.104626120272918,2026-02-26 11:25:12.059136,2026-02-26 11:26:25.763060,0 days 00:01:13.703924,0.2671873415336475,5,sigmoid,balanced,0.07115996162910974,rbf,,,,COMPLETE
62,0.11657410427424998,2026-02-26 11:26:25.819693,2026-02-26 11:26:34.755766,0 days 00:00:08.936073,0.13968169831582672,5,sigmoid,custom,,linear,2777.0,65.3114450805332,2.9019779776444995e-05,PRUNED
63,0.10634254865743513,2026-02-26 11:26:34.786564,2026-02-26 11:27:15.962288,0 days 00:00:41.175724,1.2267983233587592,5,sigmoid,balanced,0.06201282284799075,rbf,,,,COMPLETE
64,0.08991135876885983,2026-02-26 11:27:16.009392,2026-02-26 11:31:33.955523,0 days 00:04:17.946131,0.379721876469888,5,sigmoid,balanced,0.41630195068884934,rbf,,,,PRUNED
65,0.1067457121375055,2026-02-26 11:31:33.987191,2026-02-26 11:32:11.565941,0 days 00:00:37.578750,1.5938762451550796,5,sigmoid,balanced,0.08317361196001063,rbf,,,,COMPLETE
66,0.10463071503493722,2026-02-26 11:32:11.594159,2026-02-26 11:33:24.370119,0 days 00:01:12.775960,0.3063960184285188,5,sigmoid,balanced,0.05245993048234012,rbf,,,,COMPLETE
67,0.10650245978621616,2026-02-26 11:33:24.400101,2026-02-26 11:34:57.481965,0 days 00:01:33.081864,0.21599580127672807,5,sigmoid,balanced,0.2016686213240643,rbf,,,,COMPLETE
68,0.10531879798311225,2026-02-26 11:34:57.517908,2026-02-26 11:36:13.929864,0 days 00:01:16.411956,0.25539501127469494,5,sigmoid,balanced,0.14503376724454276,rbf,,,,COMPLETE
69,0.1058946412192027,2026-02-26 11:36:13.961603,2026-02-26 11:37:37.927368,0 days 00:01:23.965765,0.24767861771407493,5,sigmoid,balanced,0.176221703229853,rbf,,,,COMPLETE
70,0.12542755798709276,2026-02-26 11:37:37.961628,2026-02-26 11:37:43.217104,0 days 00:00:05.255476,0.10124364984456921,3,sigmoid,balanced,,linear,6856.0,,1.3189728028275167e-06,PRUNED
71,0.10594608323446612,2026-02-26 11:37:43.250351,2026-02-26 11:38:51.910565,0 days 00:01:08.660214,0.4066477303047662,5,sigmoid,balanced,0.16162530320027704,rbf,,,,COMPLETE
72,0.09173129647258496,2026-02-26 11:38:51.937893,2026-02-26 11:43:14.099521,0 days 00:04:22.161628,0.42072219417849477,5,isotonic,custom,0.41876886844905015,rbf,,28.941824166061885,,PRUNED
73,0.09722293730407656,2026-02-26 11:43:14.140030,2026-02-26 11:49:21.434857,0 days 00:06:07.294827,0.7885709617926605,5,sigmoid,balanced,0.6808056415314045,rbf,,,,PRUNED
74,0.10571531269725865,2026-02-26 11:49:21.465695,2026-02-26 11:50:40.743003,0 days 00:01:19.277308,0.2674313320761821,5,sigmoid,balanced,0.1661685659535706,rbf,,,,COMPLETE
75,0.10541064119337355,2026-02-26 11:50:40.779694,2026-02-26 11:51:57.223389,0 days 00:01:16.443695,0.2645754120218909,5,sigmoid,balanced,0.1492844437255605,rbf,,,,COMPLETE
76,0.10536527065024726,2026-02-26 11:51:57.252486,2026-02-26 11:53:11.452515,0 days 00:01:14.200029,0.2795503247309824,5,sigmoid,balanced,0.14330084753849356,rbf,,,,COMPLETE
77,0.10524275223319757,2026-02-26 11:53:11.481607,2026-02-26 11:54:27.521847,0 days 00:01:16.040240,0.256654547949156,5,sigmoid,balanced,0.13937054370407984,rbf,,,,COMPLETE
78,0.08930908410937388,2026-02-26 11:54:27.551271,2026-02-26 11:58:21.631197,0 days 00:03:54.079926,0.262029457300621,5,sigmoid,balanced,0.36941121323841475,rbf,,,,PRUNED
79,0.10456644115606784,2026-02-26 11:58:21.664066,2026-02-26 12:00:19.125623,0 days 00:01:57.461557,0.07766849527934991,5,sigmoid,balanced,0.13745545006836737,rbf,,,,COMPLETE
80,0.11784700739387208,2026-02-26 12:00:19.180546,2026-02-26 12:00:22.428992,0 days 00:00:03.248446,0.024340419779787126,5,sigmoid,balanced,,linear,9394.0,,0.0013203688293384115,PRUNED
81,0.10468648729675686,2026-02-26 12:00:22.452380,2026-02-26 12:02:18.092850,0 days 00:01:55.640470,0.08256812195741765,5,sigmoid,balanced,0.141886923064782,rbf,,,,COMPLETE
82,0.08832506735790646,2026-02-26 12:02:18.121962,2026-02-26 12:03:32.653695,0 days 00:01:14.531733,0.0778367714897789,3,sigmoid,balanced,0.2785228726431429,rbf,,,,PRUNED
83,0.11214558448471894,2026-02-26 12:03:32.679523,2026-02-26 12:04:46.798687,0 days 00:01:14.119164,0.07160530698604724,5,isotonic,custom,0.12753140172688465,rbf,,14.248006029513084,,COMPLETE
84,0.10752193761534205,2026-02-26 12:04:46.826226,2026-02-26 12:06:41.564053,0 days 00:01:54.737827,0.13726403944965362,5,sigmoid,balanced,0.23044662700601684,rbf,,,,COMPLETE
85,0.09491552668458063,2026-02-26 12:06:41.592351,2026-02-26 12:12:09.181469,0 days 00:05:27.589118,0.33655179113821276,5,sigmoid,balanced,0.5566495671620113,rbf,,,,PRUNED
86,0.10380475875801838,2026-02-26 12:12:09.206507,2026-02-26 12:14:17.616660,0 days 00:02:08.410153,0.03575265776018722,5,sigmoid,balanced,0.07968999800689697,rbf,,,,COMPLETE
87,0.10376885019484616,2026-02-26 12:14:17.663328,2026-02-26 12:16:27.253104,0 days 00:02:09.589776,0.03246021583587636,5,sigmoid,balanced,0.06616848303144837,rbf,,,,COMPLETE
88,0.10389461661546166,2026-02-26 12:16:27.296940,2026-02-26 12:18:42.153162,0 days 00:02:14.856222,0.028186620483830232,5,sigmoid,balanced,0.07664038999323053,rbf,,,,COMPLETE
89,0.10386625210217497,2026-02-26 12:18:42.182018,2026-02-26 12:20:56.734383,0 days 00:02:14.552365,0.029724966369118297,5,sigmoid,balanced,0.07801038700682487,rbf,,,,COMPLETE
90,0.10376997555187906,2026-02-26 12:20:56.762280,2026-02-26 12:23:06.795234,0 days 00:02:10.032954,0.030731946829614134,5,sigmoid,balanced,0.06075403180027898,rbf,,,,COMPLETE
91,0.10378291219171894,2026-02-26 12:23:06.823766,2026-02-26 12:25:16.724454,0 days 00:02:09.900688,0.03349406042608866,5,sigmoid,balanced,0.07059631307110674,rbf,,,,COMPLETE
92,0.10382222198702458,2026-02-26 12:25:16.752462,2026-02-26 12:27:28.858415,0 days 00:02:12.105953,0.03235937114875505,5,sigmoid,balanced,0.07761289621003128,rbf,,,,COMPLETE
93,0.11671808206200109,2026-02-26 12:27:28.886771,2026-02-26 12:27:33.087118,0 days 00:00:04.200347,0.016264119616059374,5,sigmoid,balanced,,linear,4803.0,,4.891755195698303e-05,PRUNED
94,0.10374055881567049,2026-02-26 12:27:33.110745,2026-02-26 12:29:39.430174,0 days 00:02:06.319429,0.03671199060227741,5,sigmoid,balanced,0.06942445281813157,rbf,,,,COMPLETE
95,0.10378222764824815,2026-02-26 12:29:39.477820,2026-02-26 12:31:49.349842,0 days 00:02:09.872022,0.035110062564749626,5,sigmoid,balanced,0.07512473349597788,rbf,,,,COMPLETE
96,0.10386705965756267,2026-02-26 12:31:49.378380,2026-02-26 12:34:03.414177,0 days 00:02:14.035797,0.03378994328116909,5,sigmoid,balanced,0.08871766931352443,rbf,,,,COMPLETE
97,0.10064112792614295,2026-02-26 12:34:03.443018,2026-02-26 12:37:21.461389,0 days 00:03:18.018371,0.03046791983017571,5,sigmoid,balanced,1.1127968534340974e-05,rbf,,,,PRUNED
98,0.10391444710599843,2026-02-26 12:37:21.487227,2026-02-26 12:39:24.984193,0 days 00:02:03.496966,0.046284208368466855,5,sigmoid,balanced,0.08774940679794452,rbf,,,,COMPLETE
99,0.0866311553968476,2026-02-26 12:39:25.012799,2026-02-26 12:41:33.741743,0 days 00:02:08.728944,0.03156167141868778,5,sigmoid,balanced,0.05323947405616042,rbf,,,,PRUNED
100,0.10021474943554874,2026-02-26 12:41:33.766316,2026-02-26 12:43:08.448011,0 days 00:01:34.681695,0.017499663984968186,3,sigmoid,balanced,0.00021973326058218282,rbf,,,,PRUNED
101,0.11172888580396564,2026-02-26 12:43:08.473016,2026-02-26 12:45:16.929516,0 days 00:02:08.456500,0.035581329340331175,5,isotonic,balanced,0.0764869938218943,rbf,,,,COMPLETE
102,0.09500484411766451,2026-02-26 12:45:16.958175,2026-02-26 12:47:39.059911,0 days 00:02:22.101736,0.02153061156091996,5,sigmoid,balanced,0.015447675664502539,rbf,,,,PRUNED
103,0.10401973625375889,2026-02-26 12:47:39.086938,2026-02-26 12:49:41.935464,0 days 00:02:02.848526,0.05121796203943163,5,sigmoid,balanced,0.09738748007512718,rbf,,,,COMPLETE
104,0.10394191517253785,2026-02-26 12:49:41.963487,2026-02-26 12:51:46.551779,0 days 00:02:04.588292,0.04608633274916957,5,sigmoid,balanced,0.09166999776426717,rbf,,,,COMPLETE
105,0.08821732853795419,2026-02-26 12:51:46.581162,2026-02-26 12:53:40.432113,0 days 00:01:53.850951,0.06087716060099598,5,sigmoid,balanced,0.03163476982921156,rbf,,,,PRUNED
106,0.08954943099052083,2026-02-26 12:53:40.458959,2026-02-26 12:56:10.826013,0 days 00:02:30.367054,0.012878675408660962,5,sigmoid,balanced,0.05429749931713716,rbf,,,,PRUNED
107,0.10376569764130925,2026-02-26 12:56:10.852079,2026-02-26 12:58:17.434402,0 days 00:02:06.582323,0.03894995082558198,5,sigmoid,balanced,0.07299112037358493,rbf,,,,COMPLETE
108,0.08985485727060236,2026-02-26 12:58:17.462646,2026-02-26 13:00:21.608545,0 days 00:02:04.145899,0.03866334571618159,5,sigmoid,balanced,0.029561702884860257,rbf,,,,PRUNED
109,0.10381341340226109,2026-02-26 13:00:21.633379,2026-02-26 13:02:22.094182,0 days 00:02:00.460803,0.02647787392454699,5,sigmoid,custom,0.06987615749152062,rbf,,41.34568204772192,,COMPLETE
110,0.0859734254087323,2026-02-26 13:02:22.122966,2026-02-26 13:04:23.792537,0 days 00:02:01.669571,0.02125751260288642,5,sigmoid,custom,0.04807545188976529,rbf,,37.9049510790254,,PRUNED
111,0.10427119241008605,2026-02-26 13:04:23.825280,2026-02-26 13:06:59.454274,0 days 00:02:35.628994,0.015884478131911406,5,sigmoid,custom,0.06652542812256024,rbf,,75.67468477265763,,COMPLETE
112,0.10359267547931908,2026-02-26 13:07:00.412559,2026-02-26 13:08:28.157063,0 days 00:01:27.744504,0.05685152462402032,5,sigmoid,custom,0.10329975634345404,rbf,,22.421552850077784,,COMPLETE
113,0.1076460981828248,2026-02-26 13:08:28.205985,2026-02-26 13:10:22.442691,0 days 00:01:54.236706,0.061921992300674106,5,sigmoid,custom,0.23206529892668074,rbf,,22.505355130052145,,COMPLETE
114,0.10439289841331093,2026-02-26 13:10:22.470983,2026-02-26 13:12:22.259411,0 days 00:01:59.788428,0.03679141596194256,5,sigmoid,custom,0.11712867649181495,rbf,,46.0745003313021,,COMPLETE
115,0.10390679797930535,2026-02-26 13:12:22.288730,2026-02-26 13:14:23.191070,0 days 00:02:00.902340,0.02521947567807782,5,sigmoid,custom,0.1015313442247678,rbf,,33.518148260770985,,COMPLETE
116,0.10265879523124917,2026-02-26 13:14:23.219587,2026-02-26 13:15:36.260507,0 days 00:01:13.040920,0.012334294960436545,5,sigmoid,custom,0.045748968926021025,rbf,,13.233319213358918,,COMPLETE
117,0.10268175496304699,2026-02-26 13:15:36.307966,2026-02-26 13:16:45.561660,0 days 00:01:09.253694,0.010777760608997706,5,sigmoid,custom,0.046709486036883144,rbf,,12.526007011892826,,COMPLETE
118,0.08854818600486296,2026-02-26 13:16:45.589651,2026-02-26 13:17:58.571833,0 days 00:01:12.982182,0.010840617992115732,5,sigmoid,custom,0.02931691874107112,rbf,,13.304169583163286,,PRUNED
119,0.11434187252784937,2026-02-26 13:17:58.597593,2026-02-26 13:18:00.228266,0 days 00:00:01.630673,0.006400527393325977,5,sigmoid,custom,,linear,16608.0,10.783743941985831,4.833240634787503e-06,PRUNED
120,0.08672634078332578,2026-02-26 13:18:00.258150,2026-02-26 13:18:47.380391,0 days 00:00:47.122241,0.02172043647439847,3,sigmoid,custom,0.04422885666266511,rbf,,21.252285208502723,,PRUNED
121,0.1090276221981961,2026-02-26 13:18:47.405522,2026-02-26 13:19:56.336879,0 days 00:01:08.931357,0.013041642791502862,5,isotonic,custom,0.059223276653568295,rbf,,12.213933864664924,,COMPLETE
122,0.09301785911009244,2026-02-26 13:19:56.367040,2026-02-26 13:21:28.677648,0 days 00:01:32.310608,0.01918252943475353,5,sigmoid,custom,0.01797217634937296,rbf,,17.848848081504944,,PRUNED
123,0.09142108709645513,2026-02-26 13:21:28.709472,2026-02-26 13:22:55.807376,0 days 00:01:27.097904,0.05605765177524323,5,sigmoid,custom,0.02669269662881721,rbf,,23.056479403189005,,PRUNED
124,0.10278260524061085,2026-02-26 13:22:55.832346,2026-02-26 13:23:56.923399,0 days 00:01:01.091053,0.026059905371785368,5,sigmoid,custom,0.06574233570729733,rbf,,10.682009065273531,,COMPLETE
125,0.10271377697558995,2026-02-26 13:23:56.952183,2026-02-26 13:24:56.088589,0 days 00:00:59.136406,0.04229611246346931,5,sigmoid,custom,0.06276897741068171,rbf,,10.59344514522022,,COMPLETE
126,0.08849013588838567,2026-02-26 13:24:56.117043,2026-02-26 13:25:59.214009,0 days 00:01:03.096966,0.0417076500460287,5,sigmoid,custom,0.041543012484729434,rbf,,11.906250700406124,,PRUNED
127,0.10283071711288612,2026-02-26 13:25:59.240431,2026-02-26 13:26:58.564886,0 days 00:00:59.324455,0.024266971452519735,5,sigmoid,custom,0.0604410574984855,rbf,,10.426921794268646,,COMPLETE
128,0.08552942777085301,2026-02-26 13:26:58.594331,2026-02-26 13:27:55.590448,0 days 00:00:56.996117,0.014142924317576931,5,sigmoid,custom,0.049903897347864296,rbf,,10.12748869138579,,PRUNED
129,0.1026373846727194,2026-02-26 13:27:55.615953,2026-02-26 13:28:56.105866,0 days 00:01:00.489913,0.042096001953834686,5,sigmoid,custom,0.05889167402670678,rbf,,10.974367334272925,,COMPLETE
130,0.08945297914663843,2026-02-26 13:28:56.163130,2026-02-26 13:29:54.918561,0 days 00:00:58.755431,0.04512917806459039,5,sigmoid,custom,0.03645597184013988,rbf,,10.741854174119116,,PRUNED
131,0.10253852644098549,2026-02-26 13:29:54.945444,2026-02-26 13:31:17.767310,0 days 00:01:22.821866,0.019654001761647853,5,sigmoid,custom,0.058873183877306036,rbf,,15.750076830753349,,COMPLETE
132,0.10432373668361161,2026-02-26 13:31:17.813744,2026-02-26 13:32:45.647158,0 days 00:01:27.833414,0.0191351999994411,5,sigmoid,custom,0.11293296812507049,rbf,,15.800076633414694,,COMPLETE
133,0.10258568522147134,2026-02-26 13:32:45.676806,2026-02-26 13:34:01.863664,0 days 00:01:16.186858,0.011598008275492077,5,sigmoid,custom,0.057903834904204116,rbf,,13.840905258182739,,COMPLETE
134,0.10257954711752296,2026-02-26 13:34:01.892741,2026-02-26 13:35:11.505587,0 days 00:01:09.612846,0.014896805173964134,5,sigmoid,custom,0.055678467567834865,rbf,,12.540138545384067,,COMPLETE
135,0.09188108214073833,2026-02-26 13:35:11.543416,2026-02-26 13:36:19.625979,0 days 00:01:08.082563,0.010956564031725713,5,sigmoid,custom,0.02300920082280569,rbf,,12.509622445969182,,PRUNED
136,0.09998375193248939,2026-02-26 13:36:19.652650,2026-02-26 13:37:36.919154,0 days 00:01:17.266504,0.015140401547240962,5,sigmoid,custom,0.0023756833977408563,rbf,,14.238720577067012,,PRUNED
137,0.08876957071678904,2026-02-26 13:37:36.946117,2026-02-26 13:38:35.291048,0 days 00:00:58.344931,0.01892575858510694,5,sigmoid,custom,0.03670974936788786,rbf,,10.468894716754725,,PRUNED
138,0.10252565127972824,2026-02-26 13:38:35.316770,2026-02-26 13:39:42.032002,0 days 00:01:06.715232,0.023154035830654215,5,sigmoid,custom,0.05701303330500069,rbf,,11.964449859850088,,COMPLETE
139,0.08474945255316414,2026-02-26 13:39:42.082422,2026-02-26 13:40:46.994162,0 days 00:01:04.911740,0.023971174443354035,5,sigmoid,custom,0.04720178783263155,rbf,,11.779388913518146,,PRUNED
140,0.10391128560076009,2026-02-26 13:40:47.020042,2026-02-26 13:41:46.506179,0 days 00:00:59.486137,0.01351041419540496,5,sigmoid,custom,0.11169332163807841,rbf,,9.799572159949514,,COMPLETE
141,0.11675226449600641,2026-02-26 13:41:46.533481,2026-02-26 13:41:47.360567,0 days 00:00:00.827086,0.009186504765064229,3,sigmoid,custom,,linear,11100.0,15.061383913921425,0.0020104719279271928,PRUNED
142,0.08612767903151065,2026-02-26 13:41:47.385608,2026-02-26 13:42:35.342899,0 days 00:00:47.957291,0.025037275718670943,5,sigmoid,custom,0.057611113950445283,rbf,,8.172077808488927,,PRUNED
143,0.10559059005683982,2026-02-26 13:42:35.369363,2026-02-26 13:43:39.253070,0 days 00:01:03.883707,0.010916923746407629,5,isotonic,custom,0.009811098555567924,rbf,,11.676797266923328,,PRUNED
144,0.10247934963331459,2026-02-26 13:43:39.278906,2026-02-26 13:44:52.259847,0 days 00:01:12.980941,0.017866135823169618,5,sigmoid,custom,0.05718396656435895,rbf,,13.111365239683114,,COMPLETE
145,0.1025518504559487,2026-02-26 13:44:52.307905,2026-02-26 13:46:04.525462,0 days 00:01:12.217557,0.01778594866620127,5,sigmoid,custom,0.04694241640925544,rbf,,13.141401049043214,,COMPLETE
146,0.08698999745053954,2026-02-26 13:46:04.553974,2026-02-26 13:47:14.987056,0 days 00:01:10.433082,0.01638007719344233,5,sigmoid,custom,0.0346861521405185,rbf,,12.956312663687045,,PRUNED
147,0.08541881182905682,2026-02-26 13:47:15.013700,2026-02-26 13:48:42.365745,0 days 00:01:27.352045,0.01972146234923516,5,sigmoid,custom,0.048677664974140784,rbf,,17.620056207950242,,PRUNED
148,0.09672232676903925,2026-02-26 13:48:42.392563,2026-02-26 13:49:35.195880,0 days 00:00:52.803317,0.013777102348959977,5,sigmoid,custom,0.021007706513646855,rbf,,9.400808440136911,,PRUNED
149,0.08467131381384667,2026-02-26 13:49:35.221506,2026-02-26 13:50:49.272431,0 days 00:01:14.050925,0.01740338785536768,5,sigmoid,custom,0.04190539141834648,rbf,,13.625186379839821,,PRUNED
150,0.1053125142445766,2026-02-26 13:50:49.297929,2026-02-26 13:51:51.447588,0 days 00:01:02.149659,0.023560042806502292,5,sigmoid,custom,0.001113061048828704,rbf,,11.243490785795355,,PRUNED
151,0.08771614995772058,2026-02-26 13:51:51.472479,2026-02-26 13:53:16.976633,0 days 00:01:25.504154,0.01159752106648359,5,sigmoid,custom,0.027887804241679696,rbf,,15.83240530610671,,PRUNED
152,0.10257690170498175,2026-02-26 13:53:17.001246,2026-02-26 13:54:30.087468,0 days 00:01:13.086222,0.014991669662114168,5,sigmoid,custom,0.062225858199426554,rbf,,13.085741045521013,,COMPLETE
153,0.10252572542118363,2026-02-26 13:54:30.116927,2026-02-26 13:55:43.506096,0 days 00:01:13.389169,0.01593295750799791,5,sigmoid,custom,0.058544220965476776,rbf,,13.255286476567672,,COMPLETE
154,0.10252328167904898,2026-02-26 13:55:43.533458,2026-02-26 13:56:56.512587,0 days 00:01:12.979129,0.016409557212771257,5,sigmoid,custom,0.05924544405975166,rbf,,13.21217514807282,,COMPLETE
155,0.10252057519626241,2026-02-26 13:56:56.540094,2026-02-26 13:58:09.893398,0 days 00:01:13.353304,0.015566079610690883,5,sigmoid,custom,0.05360343272547919,rbf,,13.357852030058758,,COMPLETE
156,0.10254205438530047,2026-02-26 13:58:09.936417,2026-02-26 13:59:22.882460,0 days 00:01:12.946043,0.015146000675922134,5,sigmoid,custom,0.057970977971725866,rbf,,13.213910882952934,,COMPLETE
157,0.0873463845664569,2026-02-26 13:59:22.916414,2026-02-26 14:00:34.377339,0 days 00:01:11.460925,0.016204773968588104,5,sigmoid,custom,0.033320588655809266,rbf,,13.049339841749566,,PRUNED
158,0.10251981943993205,2026-02-26 14:00:34.401717,2026-02-26 14:01:53.169779,0 days 00:01:18.768062,0.013274021155064004,5,sigmoid,custom,0.053635122354132474,rbf,,14.362871483655944,,COMPLETE
159,0.10257650429353941,2026-02-26 14:01:53.199893,2026-02-26 14:03:10.324514,0 days 00:01:17.124621,0.01176556440957129,5,sigmoid,custom,0.05000137620432245,rbf,,13.934754575852395,,COMPLETE
160,0.10258720340942981,2026-02-26 14:03:10.353467,2026-02-26 14:04:29.123693,0 days 00:01:18.770226,0.012696682411608559,5,sigmoid,custom,0.047164669813632105,rbf,,14.409776341942198,,COMPLETE
161,0.08590507467236619,2026-02-26 14:04:29.160642,2026-02-26 14:05:47.293718,0 days 00:01:18.133076,0.01330489940257149,5,sigmoid,custom,0.035932171157747834,rbf,,14.419284492841062,,PRUNED
162,0.0939536383022024,2026-02-26 14:05:47.319195,2026-02-26 14:07:02.067101,0 days 00:01:14.747906,0.016010418123592995,5,sigmoid,custom,0.016081404877671644,rbf,,13.730751226517492,,PRUNED
163,0.11564326054224461,2026-02-26 14:07:02.096243,2026-02-26 14:07:04.812035,0 days 00:00:02.715792,0.007949293388286201,5,sigmoid,custom,,linear,16616.0,15.637842706839756,4.354738665033056e-06,PRUNED
164,0.10263355651267791,2026-02-26 14:07:04.849067,2026-02-26 14:08:16.526137,0 days 00:01:11.677070,0.012461321130953192,5,sigmoid,custom,0.04810830595730885,rbf,,12.98258135505672,,COMPLETE
165,0.10261955022576805,2026-02-26 14:08:16.559429,2026-02-26 14:09:29.130237,0 days 00:01:12.570808,0.012582668741863447,5,sigmoid,custom,0.0479486392976366,rbf,,13.218627720728282,,COMPLETE
166,0.10253737230107537,2026-02-26 14:09:29.160016,2026-02-26 14:10:45.848250,0 days 00:01:16.688234,0.013468883662049744,5,sigmoid,custom,0.05210334523065753,rbf,,13.994315213462544,,COMPLETE
167,0.09016256981435662,2026-02-26 14:10:45.883228,2026-02-26 14:12:06.015406,0 days 00:01:20.132178,0.01433720398505062,5,sigmoid,custom,0.022727803609487025,rbf,,14.734705566915476,,PRUNED
168,0.08812152797014447,2026-02-26 14:12:06.043939,2026-02-26 14:13:20.449559,0 days 00:01:14.405620,0.01839909251220855,5,sigmoid,custom,0.02969253613362693,rbf,,13.799630873295452,,PRUNED
169,0.10364925001197448,2026-02-26 14:13:20.480894,2026-02-26 14:14:51.403703,0 days 00:01:30.922809,0.01272432331016239,5,sigmoid,custom,0.0877639063991591,rbf,,16.644179549732538,,COMPLETE
170,0.08487009687967237,2026-02-26 14:14:51.436487,2026-02-26 14:15:25.073446,0 days 00:00:33.636959,0.015503500380582532,3,sigmoid,custom,0.04333666108075542,rbf,,12.693930062219152,,PRUNED
171,0.10337487094890221,2026-02-26 14:15:25.099232,2026-02-26 14:16:45.482785,0 days 00:01:20.383553,0.019947503663662547,5,sigmoid,custom,0.09347505533827878,rbf,,14.43486846952603,,COMPLETE
172,0.08495256172410649,2026-02-26 14:16:45.515304,2026-02-26 14:17:54.785768,0 days 00:01:09.270464,0.012620827438780319,5,isotonic,custom,0.05340845080024364,rbf,,12.578034095575264,,PRUNED
173,0.0854754446515827,2026-02-26 14:17:54.814552,2026-02-26 14:19:08.033285,0 days 00:01:13.218733,0.017487781330987773,5,sigmoid,custom,0.038799729395517325,rbf,,13.563753950699885,,PRUNED
174,0.1026847971893566,2026-02-26 14:19:08.060611,2026-02-26 14:20:13.279314,0 days 00:01:05.218703,0.015374039417210099,5,sigmoid,custom,0.05274223339911882,rbf,,11.66280273393001,,COMPLETE
175,0.10259928476859423,2026-02-26 14:20:13.308978,2026-02-26 14:21:23.130661,0 days 00:01:09.821683,0.012547620887112186,5,sigmoid,custom,0.05664316376669971,rbf,,12.39319181256667,,COMPLETE
176,0.10260640097276227,2026-02-26 14:21:23.160799,2026-02-26 14:22:33.652090,0 days 00:01:10.491291,0.0136325962318942,5,sigmoid,custom,0.050279050837339155,rbf,,12.735440202712635,,COMPLETE
177,0.10292309525018947,2026-02-26 14:22:33.680970,2026-02-26 14:23:53.544328,0 days 00:01:19.863358,0.021489235835171747,5,sigmoid,custom,0.08209638620826606,rbf,,14.835345428236302,,COMPLETE
178,0.09071605950660763,2026-02-26 14:23:53.574834,2026-02-26 14:24:59.655449,0 days 00:01:06.080615,0.015648855678801477,5,sigmoid,custom,0.026807217520433593,rbf,,12.11232258311743,,PRUNED
179,0.10258981544965703,2026-02-26 14:24:59.679802,2026-02-26 14:26:16.285142,0 days 00:01:16.605340,0.011026632025822205,5,sigmoid,custom,0.0587297647784024,rbf,,13.743513282866152,,COMPLETE
180,0.10270299179838112,2026-02-26 14:26:16.318813,2026-02-26 14:27:36.345525,0 days 00:01:20.026712,0.010550779652183151,5,sigmoid,custom,0.06537979774336573,rbf,,14.333092677191058,,COMPLETE
181,0.08548309654823402,2026-02-26 14:27:36.384035,2026-02-26 14:29:04.154149,0 days 00:01:27.770114,0.014237806761832743,5,sigmoid,custom,0.03759684523447681,rbf,,16.660800208099012,,PRUNED
182,0.10433799846473757,2026-02-26 14:29:04.179901,2026-02-26 14:30:16.409015,0 days 00:01:12.229114,0.018619827256027625,5,sigmoid,custom,0.12219912393422969,rbf,,12.024351400977816,,COMPLETE
183,0.10294089694164894,2026-02-26 14:30:16.440492,2026-02-26 14:31:31.939957,0 days 00:01:15.499465,0.021208252382195578,5,sigmoid,custom,0.08247577692583206,rbf,,13.746333356110426,,COMPLETE
184,0.102583374387572,2026-02-26 14:31:31.969613,2026-02-26 14:32:43.447213,0 days 00:01:11.477600,0.012001747392482364,5,sigmoid,custom,0.05313190573770197,rbf,,12.931396246187669,,COMPLETE
185,0.10260923640350539,2026-02-26 14:32:43.477199,2026-02-26 14:33:53.433416,0 days 00:01:09.956217,0.011621882642568873,5,sigmoid,custom,0.06227872903395949,rbf,,12.471612896614365,,COMPLETE
186,0.10252566128767382,2026-02-26 14:33:53.464207,2026-02-26 14:35:14.353780,0 days 00:01:20.889573,0.014872429250307228,5,sigmoid,custom,0.059429532224914566,rbf,,14.785021580671664,,COMPLETE
187,0.1036412841932958,2026-02-26 14:35:14.386498,2026-02-26 14:36:37.251323,0 days 00:01:22.864825,0.016891686939844785,5,sigmoid,custom,0.09608768379964366,rbf,,14.919731863314555,,COMPLETE
188,0.08603852295497615,2026-02-26 14:36:37.281998,2026-02-26 14:38:05.448348,0 days 00:01:28.166350,0.010306545780925653,5,sigmoid,custom,0.03315308661673833,rbf,,16.356364571524065,,PRUNED
189,0.10279170292262405,2026-02-26 14:38:05.477105,2026-02-26 14:39:11.255999,0 days 00:01:05.778894,0.014509259687081841,5,sigmoid,custom,0.07220268755117222,rbf,,11.437604427303826,,COMPLETE
190,0.10242028256070472,2026-02-26 14:39:11.318962,2026-02-26 14:40:26.791561,0 days 00:01:15.472599,0.018845277275605688,5,sigmoid,custom,0.05769329359861117,rbf,,13.807632579679137,,COMPLETE
191,0.08569712634289149,2026-02-26 14:40:26.838368,2026-02-26 14:41:46.529748,0 days 00:01:19.691380,0.020627393421273194,5,sigmoid,custom,0.04225487982822324,rbf,,15.408714177914486,,PRUNED
192,0.10272962700807584,2026-02-26 14:41:46.556617,2026-02-26 14:43:03.057298,0 days 00:01:16.500681,0.018388590294523412,5,sigmoid,custom,0.07371296996145471,rbf,,13.862570026559709,,COMPLETE
193,0.10424000140576259,2026-02-26 14:43:03.086634,2026-02-26 14:44:45.293745,0 days 00:01:42.207111,0.015903514403272295,5,sigmoid,custom,0.10550587473512443,rbf,,19.893854311554893,,COMPLETE
194,0.10256151976727616,2026-02-26 14:44:45.323811,2026-02-26 14:45:59.719109,0 days 00:01:14.395298,0.01255944105853791,5,sigmoid,custom,0.05569388926554587,rbf,,13.38962211780007,,COMPLETE
195,0.1025755247048058,2026-02-26 14:45:59.761235,2026-02-26 14:47:14.497697,0 days 00:01:14.736462,0.011540790505004369,5,sigmoid,custom,0.058191943510719255,rbf,,13.447482218233144,,COMPLETE
196,0.08460208699831326,2026-02-26 14:47:14.530727,2026-02-26 14:48:34.970736,0 days 00:01:20.440009,0.014493859954898327,5,sigmoid,custom,0.04015685605580005,rbf,,14.961428496899174,,PRUNED
197,0.10242978560018523,2026-02-26 14:48:34.998473,2026-02-26 14:49:47.597644,0 days 00:01:12.599171,0.02361119600253496,5,sigmoid,custom,0.060131520465916265,rbf,,13.280601848066178,,COMPLETE
198,0.1024267347560005,2026-02-26 14:49:47.678140,2026-02-26 14:51:00.275756,0 days 00:01:12.597616,0.02643392647529251,5,sigmoid,custom,0.05951273609339564,rbf,,13.600252076083713,,COMPLETE
199,0.10263507808557296,2026-02-26 14:51:00.377666,2026-02-26 14:52:11.558627,0 days 00:01:11.180961,0.02601312627362827,5,sigmoid,custom,0.073111858065207,rbf,,12.963794652123001,,COMPLETE
200,0.1130875771163088,2026-02-26 14:52:11.599707,2026-02-26 14:52:12.796919,0 days 00:00:01.197212,0.004440252354684496,5,sigmoid,custom,,linear,4467.0,11.717529218236074,4.130510793289557e-05,PRUNED
201,0.10234078863893352,2026-02-26 14:52:12.822572,2026-02-26 14:53:06.788595,0 days 00:00:53.966023,0.022897663781240727,3,sigmoid,custom,0.09343740780295114,rbf,,25.77001454404118,,COMPLETE
202,0.10381241136831862,2026-02-26 14:53:06.837022,2026-02-26 14:53:45.076856,0 days 00:00:38.239834,0.022617547373072342,3,sigmoid,custom,0.11831357189083462,rbf,,13.44379892928524,,COMPLETE
203,0.11114963552542685,2026-02-26 14:53:45.114449,2026-02-26 14:54:16.260255,0 days 00:00:31.145806,0.028855705058091024,3,isotonic,custom,0.08448953095426329,rbf,,11.11151560148648,,COMPLETE
204,0.08478914847312824,2026-02-26 14:54:16.290757,2026-02-26 14:55:14.236674,0 days 00:00:57.945917,0.01905230502166043,3,sigmoid,custom,0.05871226332164794,rbf,,32.63961476818802,,PRUNED
205,0.08560477283622968,2026-02-26 14:55:14.263930,2026-02-26 14:57:05.395283,0 days 00:01:51.131353,0.021418849574126597,5,sigmoid,custom,0.06563354157555916,rbf,,28.576776751367394,,PRUNED
206,0.10277028584999934,2026-02-26 14:57:05.421651,2026-02-26 14:57:41.472630,0 days 00:00:36.050979,0.017786998610459254,3,sigmoid,custom,0.0902700052650472,rbf,,13.143432557446744,,COMPLETE
207,0.08787969729425475,2026-02-26 14:57:41.503727,2026-02-26 14:58:18.119031,0 days 00:00:36.615304,0.025487403168327396,3,sigmoid,custom,0.033762109388140955,rbf,,14.341581685295353,,PRUNED
208,0.08769910280527973,2026-02-26 14:58:18.145298,2026-02-26 15:00:05.963695,0 days 00:01:47.818397,0.016777407273404814,5,sigmoid,custom,0.0504535151377287,rbf,,24.78137279045637,,PRUNED
209,0.08590217365451525,2026-02-26 15:00:05.993133,2026-02-26 15:01:13.232872,0 days 00:01:07.239739,0.015168636960929783,5,sigmoid,custom,0.04089865162388551,rbf,,12.216433665987338,,PRUNED
210,0.10269484839762866,2026-02-26 15:01:13.299045,2026-02-26 15:02:35.440910,0 days 00:01:22.141865,0.021677209671548545,5,sigmoid,custom,0.07127527719440657,rbf,,15.530887861252172,,COMPLETE
211,0.08461726120689089,2026-02-26 15:02:35.474391,2026-02-26 15:04:42.173866,0 days 00:02:06.699475,0.027425016463126006,5,sigmoid,custom,0.05387486444916218,rbf,,54.30628118256405,,PRUNED
212,0.10505500102593841,2026-02-26 15:04:42.199698,2026-02-26 15:05:52.972634,0 days 00:01:10.772936,2.7281863829867574,5,sigmoid,custom,0.000159024912481373,rbf,,13.133254147337984,,PRUNED
213,0.10313297490703881,2026-02-26 15:05:52.999090,2026-02-26 15:06:31.639249,0 days 00:00:38.640159,0.018203769852557162,3,sigmoid,custom,0.09436373675253601,rbf,,14.156828561150014,,COMPLETE
214,0.08599545278445589,2026-02-26 15:06:31.669228,2026-02-26 15:09:19.817835,0 days 00:02:48.148607,0.012587166653939857,5,sigmoid,custom,0.05578070645700329,rbf,,98.54946758203985,,PRUNED
215,0.10258550360190541,2026-02-26 15:09:19.867115,2026-02-26 15:10:34.727441,0 days 00:01:14.860326,0.015021170481960743,5,sigmoid,custom,0.06364766949281511,rbf,,13.531061017490073,,COMPLETE
216,0.10276642855277915,2026-02-26 15:10:34.760758,2026-02-26 15:11:45.240069,0 days 00:01:10.479311,0.01554073520773416,5,sigmoid,custom,0.0737122282433347,rbf,,12.370790103911027,,COMPLETE
217,0.08455899512220977,2026-02-26 15:11:45.377779,2026-02-26 15:12:58.156335,0 days 00:01:12.778556,0.022046649137296946,5,sigmoid,custom,0.0439490795946822,rbf,,13.308794906800982,,PRUNED
218,0.10278624847102777,2026-02-26 15:12:58.182963,2026-02-26 15:14:30.035359,0 days 00:01:31.852396,0.013902708417792353,5,sigmoid,custom,0.06190872553361356,rbf,,17.467438078934574,,COMPLETE
219,0.08719529872369826,2026-02-26 15:14:30.160372,2026-02-26 15:15:49.459992,0 days 00:01:19.299620,0.018069455478256013,5,sigmoid,custom,0.03233386220092747,rbf,,14.863750183470154,,PRUNED
220,0.08386390393506825,2026-02-26 15:15:49.496848,2026-02-26 15:17:00.514775,0 days 00:01:11.017927,0.01374095595030358,5,sigmoid,custom,0.04803783217798716,rbf,,12.832755317408607,,PRUNED
221,0.10274460774354169,2026-02-26 15:17:00.543943,2026-02-26 15:18:17.219096,0 days 00:01:16.675153,0.016884219871286636,5,sigmoid,custom,0.07354292196798742,rbf,,13.703952661122553,,COMPLETE
222,0.1038470508888207,2026-02-26 15:18:17.260214,2026-02-26 15:19:26.933797,0 days 00:01:09.673583,0.011461579610995644,5,sigmoid,custom,0.10936306122195463,rbf,,11.838179781903023,,COMPLETE
223,0.08509464871548751,2026-02-26 15:19:27.021352,2026-02-26 15:20:43.074516,0 days 00:01:16.053164,0.01983269175089387,5,sigmoid,custom,0.040589549066884195,rbf,,14.108916772674311,,PRUNED
224,0.10257273962016515,2026-02-26 15:20:43.101768,2026-02-26 15:21:58.127266,0 days 00:01:15.025498,0.011793366878515985,5,sigmoid,custom,0.05828073443430695,rbf,,13.42593234439809,,COMPLETE
225,0.10257783529074038,2026-02-26 15:21:58.159759,2026-02-26 15:23:08.319768,0 days 00:01:10.160009,0.014925613969538119,5,sigmoid,custom,0.05835947535925813,rbf,,12.513410434366655,,COMPLETE
226,0.08325473181948183,2026-02-26 15:23:08.351599,2026-02-26 15:24:18.622946,0 days 00:01:10.271347,0.01030534502721959,5,sigmoid,custom,0.052226626300662264,rbf,,12.633507384488516,,PRUNED
227,0.10296293616378112,2026-02-26 15:24:18.652061,2026-02-26 15:25:24.039123,0 days 00:01:05.387062,0.014181204395402823,5,sigmoid,custom,0.0805076977897539,rbf,,11.338211592212867,,COMPLETE
228,0.10261555806815348,2026-02-26 15:25:24.070084,2026-02-26 15:26:33.054372,0 days 00:01:08.984288,0.012282084551598304,5,sigmoid,custom,0.057250192677515674,rbf,,12.107703178239216,,COMPLETE
229,0.08682134758410207,2026-02-26 15:26:33.083637,2026-02-26 15:28:32.741502,0 days 00:01:59.657865,0.023270200883780148,5,sigmoid,custom,0.04038755345676203,rbf,,37.63639839029178,,PRUNED
230,0.10350487645394288,2026-02-26 15:28:32.786795,2026-02-26 15:29:59.317043,0 days 00:01:26.530248,0.017336555214243925,5,sigmoid,custom,0.09306673424243073,rbf,,15.977062432260057,,COMPLETE
231,0.08362320468528271,2026-02-26 15:29:59.354423,2026-02-26 15:31:11.259214,0 days 00:01:11.904791,0.012361377981232165,5,sigmoid,custom,0.04865084990544309,rbf,,13.067454410882165,,PRUNED
232,0.10262787708078805,2026-02-26 15:31:11.378304,2026-02-26 15:32:32.158326,0 days 00:01:20.780022,0.019794591355462715,5,sigmoid,custom,0.06891380731672012,rbf,,15.054329795733697,,COMPLETE
233,0.11546658396741331,2026-02-26 15:32:32.188144,2026-02-26 15:32:34.372994,0 days 00:00:02.184850,0.007874459104268173,5,sigmoid,custom,,linear,9418.0,14.174712561775177,1.2671107337840621e-05,PRUNED
234,0.09969617333879309,2026-02-26 15:32:34.400059,2026-02-26 15:33:47.278218,0 days 00:01:12.878159,0.014659505442332493,5,sigmoid,custom,0.0045353321428286105,rbf,,13.428412533477161,,PRUNED
235,0.10259842049102619,2026-02-26 15:33:47.304495,2026-02-26 15:34:57.479112,0 days 00:01:10.174617,0.015349163711646742,5,sigmoid,custom,0.0636196746372845,rbf,,12.566699271084376,,COMPLETE
236,0.10251759969705825,2026-02-26 15:34:57.521976,2026-02-26 15:36:11.640910,0 days 00:01:14.118934,0.015993087587626655,5,sigmoid,custom,0.05985690626130207,rbf,,13.442839353187278,,COMPLETE
237,0.08469607284908026,2026-02-26 15:36:11.673615,2026-02-26 15:36:53.863250,0 days 00:00:42.189635,0.5673967990588745,5,sigmoid,custom,0.056304982539232606,rbf,,13.971340126229762,,PRUNED
238,0.08413491916652993,2026-02-26 15:36:53.888532,2026-02-26 15:38:11.914931,0 days 00:01:18.026399,0.018462399767441247,5,sigmoid,custom,0.044620192954028824,rbf,,14.721119217292308,,PRUNED
239,0.10303343069008408,2026-02-26 15:38:11.950467,2026-02-26 15:39:21.535938,0 days 00:01:09.585471,0.012244937088522489,5,sigmoid,custom,0.08445610489887254,rbf,,12.20735546157869,,COMPLETE
240,0.08779995831667224,2026-02-26 15:39:21.564754,2026-02-26 15:40:30.299356,0 days 00:01:08.734602,0.027401889523323578,5,sigmoid,custom,0.034531559956397215,rbf,,12.895925338380831,,PRUNED
241,0.08583636043249536,2026-02-26 15:40:30.326393,2026-02-26 15:41:35.792931,0 days 00:01:05.466538,0.022815580134882295,5,isotonic,custom,0.051377439229499354,rbf,,11.668182243153392,,PRUNED
242,0.10266022709481279,2026-02-26 15:41:35.824045,2026-02-26 15:42:50.878924,0 days 00:01:15.054879,0.01656944935397257,5,sigmoid,custom,0.06977339237565583,rbf,,13.321201763529066,,COMPLETE
243,0.08911216023151668,2026-02-26 15:42:50.922520,2026-02-26 15:43:28.352754,0 days 00:00:37.430234,0.013416946429013315,3,sigmoid,custom,0.02785551397202017,rbf,,14.314167135493205,,PRUNED
244,0.10257497610028403,2026-02-26 15:43:28.383174,2026-02-26 15:44:42.959035,0 days 00:01:14.575861,0.014533988051085606,5,sigmoid,custom,0.06212990665295097,rbf,,13.54113229978331,,COMPLETE
245,0.10250984302705916,2026-02-26 15:44:42.993189,2026-02-26 15:45:58.116030,0 days 00:01:15.122841,0.015910067093537334,5,sigmoid,custom,0.06025290860265426,rbf,,13.585995058699131,,COMPLETE
246,0.10297025152285677,2026-02-26 15:45:58.160644,2026-02-26 15:47:20.293634,0 days 00:01:22.132990,0.018537430591300808,5,sigmoid,custom,0.08100889067222099,rbf,,15.16089681952576,,COMPLETE
247,0.10256703788148402,2026-02-26 15:47:20.323783,2026-02-26 15:48:36.381969,0 days 00:01:16.058186,0.015298440307082137,5,sigmoid,custom,0.06361661526267409,rbf,,13.73760840129437,,COMPLETE
248,0.10251376659882305,2026-02-26 15:48:36.411303,2026-02-26 15:49:51.622965,0 days 00:01:15.211662,0.020944133458010498,5,sigmoid,custom,0.06577958024451229,rbf,,13.83330688550416,,COMPLETE
249,0.10383542233495009,2026-02-26 15:49:51.654442,2026-02-26 15:51:10.936270,0 days 00:01:19.281828,0.022703252237027415,5,sigmoid,custom,0.10729897538573635,rbf,,13.98323714136121,,COMPLETE
250,0.10276187873208031,2026-02-26 15:51:10.966106,2026-02-26 15:52:33.683279,0 days 00:01:22.717173,0.020542999121323992,5,sigmoid,custom,0.07383334387016621,rbf,,15.679025226498595,,COMPLETE
251,0.08693752118929339,2026-02-26 15:52:33.711748,2026-02-26 15:53:45.326702,0 days 00:01:11.614954,0.02964444135326987,5,sigmoid,custom,0.04247167320438064,rbf,,13.73189189161111,,PRUNED
252,0.10319697670341332,2026-02-26 15:53:45.353267,2026-02-26 15:55:07.232467,0 days 00:01:21.879200,0.01723976632232635,5,sigmoid,custom,0.08551621893146895,rbf,,14.884399355646796,,COMPLETE
253,0.1051698781455043,2026-02-26 15:55:07.264140,2026-02-26 15:56:28.191723,0 days 00:01:20.927583,0.02619623934861658,5,sigmoid,custom,0.13876598302958804,rbf,,13.512791867841464,,COMPLETE
254,0.10256924446823001,2026-02-26 15:56:28.221885,2026-02-26 15:57:47.055620,0 days 00:01:18.833735,0.017241422212209537,5,sigmoid,custom,0.06539920707767354,rbf,,14.489613916695705,,COMPLETE
255,0.10255620572817208,2026-02-26 15:57:47.086885,2026-02-26 15:59:05.212677,0 days 00:01:18.125792,0.020038114164710352,5,sigmoid,custom,0.06680783545908404,rbf,,14.403769432723662,,COMPLETE
256,0.10272263266181544,2026-02-26 15:59:05.242965,2026-02-26 16:00:29.089764,0 days 00:01:23.846799,0.02242258384126174,5,sigmoid,custom,0.06923107499346934,rbf,,16.362521176775324,,COMPLETE
257,0.10364728460751818,2026-02-26 16:00:29.118204,2026-02-26 16:01:50.576753,0 days 00:01:21.458549,0.019253570098295127,5,sigmoid,custom,0.09902035528802235,rbf,,14.623163249820953,,COMPLETE
258,0.10263504927094975,2026-02-26 16:01:50.609892,2026-02-26 16:03:09.686433,0 days 00:01:19.076541,0.024287945692989598,5,sigmoid,custom,0.06947240066116088,rbf,,15.339707410620603,,COMPLETE
259,0.0864064878899324,2026-02-26 16:03:09.717167,2026-02-26 16:04:42.134757,0 days 00:01:32.417590,0.018162201661517587,5,sigmoid,custom,0.04532012196314112,rbf,,18.7864540034465,,PRUNED
260,0.10317894930001856,2026-02-26 16:04:42.162954,2026-02-26 16:05:59.067595,0 days 00:01:16.904641,0.030080801852825325,5,sigmoid,custom,0.09409254345376368,rbf,,14.337485025768176,,COMPLETE
261,0.10329790250298694,2026-02-26 16:05:59.096079,2026-02-26 16:06:33.170215,0 days 00:00:34.074136,0.01665761995437396,3,sigmoid,custom,4.310488018118099e-05,rbf,,13.336715881089395,,PRUNED
262,0.1152310067875224,2026-02-26 16:06:33.206262,2026-02-26 16:06:34.704279,0 days 00:00:01.498017,0.007303636052864488,5,sigmoid,custom,,linear,12478.0,14.390863386763742,0.0027899303092844357,PRUNED
263,0.10246277840453191,2026-02-26 16:06:34.732966,2026-02-26 16:07:45.150204,0 days 00:01:10.417238,0.020747320704178854,5,sigmoid,custom,0.05948986297499563,rbf,,12.856411087814783,,COMPLETE
264,0.1030958658635666,2026-02-26 16:07:45.181728,2026-02-26 16:09:12.711031,0 days 00:01:27.529303,0.02129980317410234,5,sigmoid,custom,0.08312494983030802,rbf,,17.024647307243846,,COMPLETE
265,0.08851587856735302,2026-02-26 16:09:12.741106,2026-02-26 16:10:18.852984,0 days 00:01:06.111878,0.027844790065244724,5,isotonic,custom,0.03875469218304173,rbf,,12.145935238794133,,PRUNED
266,0.10471866404803107,2026-02-26 16:10:18.889303,2026-02-26 16:11:35.965207,0 days 00:01:17.075904,0.021051161665829748,5,sigmoid,custom,0.12908705908613152,rbf,,12.833387479140937,,COMPLETE
267,0.10248944149105137,2026-02-26 16:11:35.997048,2026-02-26 16:12:52.289233,0 days 00:01:16.292185,0.017012123721128907,5,sigmoid,custom,0.06075876833315772,rbf,,13.788354400570704,,COMPLETE
268,0.08534947887511744,2026-02-26 16:12:52.326566,2026-02-26 16:14:11.887778,0 days 00:01:19.561212,0.024355456615921218,5,sigmoid,custom,0.049682440751813745,rbf,,15.716263268882711,,PRUNED
269,0.10276994030033097,2026-02-26 16:14:11.929169,2026-02-26 16:15:30.565185,0 days 00:01:18.636016,0.01825244690693314,5,sigmoid,custom,0.07437447386733537,rbf,,14.289395435369219,,COMPLETE
270,0.10256520603961128,2026-02-26 16:15:30.595599,2026-02-26 16:16:41.116129,0 days 00:01:10.520530,0.016462508057272514,5,sigmoid,custom,0.060699846353843345,rbf,,12.635063542357923,,COMPLETE
271,0.08985093991438152,2026-02-26 16:16:41.160473,2026-02-26 16:18:27.807045,0 days 00:01:46.646572,0.02059454769782785,5,sigmoid,custom,0.034612289502860265,rbf,,25.916138816806082,,PRUNED
272,0.10284690527199922,2026-02-26 16:18:27.834917,2026-02-26 16:18:59.809852,0 days 00:00:31.974935,0.024603598980145313,3,sigmoid,custom,0.10871849916259131,rbf,,10.817348639779999,,COMPLETE
273,0.08500333820200605,2026-02-26 16:18:59.846641,2026-02-26 16:20:04.861727,0 days 00:01:05.015086,0.016924969812716108,5,sigmoid,custom,0.04637287904730945,rbf,,11.721833873346146,,PRUNED
274,0.10280538392445653,2026-02-26 16:20:04.889693,2026-02-26 16:21:14.999974,0 days 00:01:10.110281,0.03084370492253164,5,sigmoid,custom,0.08127682131039717,rbf,,12.749699863839114,,COMPLETE
275,0.08670762503763225,2026-02-26 16:21:15.045727,2026-02-26 16:22:51.386548,0 days 00:01:36.340821,0.020974773198300073,5,sigmoid,custom,0.19230246249531782,rbf,,15.114566384299854,,PRUNED
276,0.10264860774306868,2026-02-26 16:22:51.415627,2026-02-26 16:24:02.118592,0 days 00:01:10.702965,0.016207734973682646,5,sigmoid,custom,0.06846315311805243,rbf,,12.699545251842341,,COMPLETE
277,0.08358404583359047,2026-02-26 16:24:02.150931,2026-02-26 16:25:09.061824,0 days 00:01:06.910893,0.018640905480275825,5,sigmoid,custom,0.05250494653011832,rbf,,12.037485165150413,,PRUNED
278,0.08647750279858746,2026-02-26 16:25:09.089021,2026-02-26 16:26:22.948719,0 days 00:01:13.859698,0.024698574032572838,5,sigmoid,custom,0.03920991063087705,rbf,,13.921021396687948,,PRUNED
279,0.10252966857550079,2026-02-26 16:26:22.980610,2026-02-26 16:27:43.089483,0 days 00:01:20.108873,0.014300830436908848,5,sigmoid,custom,0.05960033966852817,rbf,,14.635943508808772,,COMPLETE
280,0.0854013473511004,2026-02-26 16:27:43.119377,2026-02-26 16:28:45.982264,0 days 00:01:02.862887,0.014697542018559037,5,sigmoid,custom,0.045987980771801516,rbf,,11.332699596003176,,PRUNED
281,0.11155551491801204,2026-02-26 16:28:46.011009,2026-02-26 16:28:46.894108,0 days 00:00:00.883099,0.002881689374716385,5,sigmoid,custom,,linear,4468.0,13.031068807780066,0.00039391110707317215,PRUNED
282,0.10387572299579044,2026-02-26 16:28:46.939977,2026-02-26 16:30:14.056434,0 days 00:01:27.116457,0.013814722608311712,5,sigmoid,custom,0.096615152876118,rbf,,15.75291778358077,,COMPLETE
283,0.0877185385285583,2026-02-26 16:30:14.101096,2026-02-26 16:31:28.122163,0 days 00:01:14.021067,0.020426153646761362,5,sigmoid,custom,0.031295708952553306,rbf,,13.773198870882664,,PRUNED
284,0.10278760984030164,2026-02-26 16:31:28.149004,2026-02-26 16:32:00.678022,0 days 00:00:32.529018,0.015499584743478232,3,sigmoid,custom,0.006968123794926106,rbf,,12.2848590008585,,PRUNED
285,0.1042987584369385,2026-02-26 16:32:00.705138,2026-02-26 16:33:19.930889,0 days 00:01:19.225751,0.027137463129911752,5,isotonic,custom,0.00041292298153995974,rbf,,14.918490263471154,,PRUNED
286,0.08635020485285334,2026-02-26 16:33:19.959545,2026-02-26 16:34:58.067615,0 days 00:01:38.108070,0.01947597261447539,5,sigmoid,custom,0.05462916578022392,rbf,,21.227722995659114,,PRUNED
287,0.10293090582292064,2026-02-26 16:34:58.102547,2026-02-26 16:36:13.032557,0 days 00:01:14.930010,0.013354180137519135,5,sigmoid,custom,0.0789562034271437,rbf,,13.300130183265837,,COMPLETE
288,0.10250862873662088,2026-02-26 16:36:13.062587,2026-02-26 16:37:29.730362,0 days 00:01:16.667775,0.01662634845426611,5,sigmoid,custom,0.061696416427078384,rbf,,14.095629337682713,,COMPLETE
289,0.08573712373938566,2026-02-26 16:37:29.760417,2026-02-26 16:38:38.822948,0 days 00:01:09.062531,0.021516534758193515,5,sigmoid,custom,0.03991276123335055,rbf,,12.684419123401389,,PRUNED
290,0.10244053681775933,2026-02-26 16:38:38.854299,2026-02-26 16:39:56.679188,0 days 00:01:17.824889,0.017631900406812413,5,sigmoid,custom,0.0589386297383873,rbf,,14.267939492662462,,COMPLETE
291,0.0862653783038843,2026-02-26 16:39:56.719461,2026-02-26 16:41:00.415081,0 days 00:01:03.695620,0.10999319902663443,5,sigmoid,custom,0.04851610676685466,rbf,,16.42103547163158,,PRUNED
292,0.10292859479303026,2026-02-26 16:41:00.442937,2026-02-26 16:42:17.248980,0 days 00:01:16.806043,0.033369374757303116,5,sigmoid,custom,0.08421485678823867,rbf,,14.793853648245726,,COMPLETE
293,0.08801558384027446,2026-02-26 16:42:17.300291,2026-02-26 16:43:31.687134,0 days 00:01:14.386843,0.025138662869344058,5,sigmoid,custom,0.03498180161706824,rbf,,14.188893216417648,,PRUNED
294,0.10433351643493874,2026-02-26 16:43:31.715045,2026-02-26 16:44:56.183577,0 days 00:01:24.468532,0.018659416628932845,5,sigmoid,custom,0.11254846573181769,rbf,,14.983457721934515,,COMPLETE
295,0.08339110298831622,2026-02-26 16:44:56.215696,2026-02-26 16:45:23.954981,0 days 00:00:27.739285,0.013495537285539759,3,sigmoid,custom,0.056056287793099346,rbf,,10.192012299258367,,PRUNED
296,0.09036049962662546,2026-02-26 16:45:23.982704,2026-02-26 16:46:39.170643,0 days 00:01:15.187939,0.02412139148538136,5,sigmoid,custom,0.025814978300276237,rbf,,14.012564126186804,,PRUNED
297,0.10434275495363815,2026-02-26 16:46:39.205691,2026-02-26 16:47:48.029111,0 days 00:01:08.823420,0.017941460094638345,5,sigmoid,custom,1.3538577980053483e-05,rbf,,13.368732624121574,,PRUNED
298,0.08370925321540995,2026-02-26 16:47:48.055809,2026-02-26 16:49:12.556519,0 days 00:01:24.500710,0.013230832449202503,5,sigmoid,custom,0.04357512377683221,rbf,,15.786205995170892,,PRUNED
299,0.10257417388378634,2026-02-26 16:49:12.581916,2026-02-26 16:50:28.614478,0 days 00:01:16.032562,0.021118324814423006,5,sigmoid,custom,0.06935286114838829,rbf,,14.171430924883095,,COMPLETE
300,0.1029877756369526,2026-02-26 16:50:28.644343,2026-02-26 16:51:37.481588,0 days 00:01:08.837245,0.016346433547810513,5,sigmoid,custom,0.08300079642841884,rbf,,11.970573902283904,,COMPLETE
301,0.08359897312425404,2026-02-26 16:51:37.519913,2026-02-26 16:52:47.038208,0 days 00:01:09.518295,0.029936680306994444,5,sigmoid,custom,0.05646041611228403,rbf,,13.154124109198786,,PRUNED
302,0.08648533521379148,2026-02-26 16:52:47.064588,2026-02-26 16:55:16.027761,0 days 00:02:28.963173,0.011654465884194807,5,sigmoid,custom,0.16063307270662905,rbf,,30.657443778351638,,PRUNED
303,0.10258164900112043,2026-02-26 16:55:16.053907,2026-02-26 16:56:35.401697,0 days 00:01:19.347790,0.023297808489269066,5,sigmoid,custom,0.06598327549147712,rbf,,15.203838638765674,,COMPLETE
304,0.08534650763194936,2026-02-26 16:56:35.432639,2026-02-26 16:58:08.425118,0 days 00:01:32.992479,0.016161838867140746,5,sigmoid,custom,0.04567995348011112,rbf,,18.481518942760818,,PRUNED
305,0.08334851440554326,2026-02-26 16:58:08.462871,2026-02-26 16:59:25.708191,0 days 00:01:17.245320,0.019593214226702578,5,isotonic,custom,0.08966541693223096,rbf,,13.730654782223052,,PRUNED
306,0.08883261835085006,2026-02-26 16:59:25.736287,2026-02-26 17:00:27.479072,0 days 00:01:01.742785,0.014498735240043728,5,sigmoid,custom,0.034479417404535806,rbf,,11.199148181427953,,PRUNED
307,0.11611187494750466,2026-02-26 17:00:27.507883,2026-02-26 17:00:28.513218,0 days 00:00:01.005335,0.008333131378367544,3,sigmoid,custom,,linear,9042.0,14.527618972205286,9.884694170164754e-05,PRUNED
308,0.08237712199117429,2026-02-26 17:00:28.740727,2026-02-26 17:01:26.128901,0 days 00:00:57.388174,0.011647770357527218,5,sigmoid,custom,0.12974159557481452,rbf,,8.871290805039541,,PRUNED
309,0.08304221294769869,2026-02-26 17:01:26.162780,2026-02-26 17:02:36.559361,0 days 00:01:10.396581,0.025939767300064604,5,sigmoid,custom,0.05523803106384173,rbf,,13.056747525988886,,PRUNED
310,0.08437670276569362,2026-02-26 17:02:36.586886,2026-02-26 17:03:08.920137,0 days 00:00:32.333251,5.076134839755675,5,sigmoid,custom,0.0719970134988304,rbf,,12.443833750687842,,PRUNED
311,0.08469413940098541,2026-02-26 17:03:08.948774,2026-02-26 17:04:23.525963,0 days 00:01:14.577189,0.018368574273612732,5,sigmoid,custom,0.04153535286029941,rbf,,13.714901587415225,,PRUNED
312,0.10440931476863305,2026-02-26 17:04:23.552603,2026-02-26 17:05:54.363748,0 days 00:01:30.811145,0.013783196939235791,5,sigmoid,custom,0.10529869983979838,rbf,,16.3626438529121,,COMPLETE
313,0.1024702815966783,2026-02-26 17:05:54.394151,2026-02-26 17:07:11.198713,0 days 00:01:16.804562,0.021845775675997135,5,sigmoid,custom,0.06056594088275329,rbf,,14.552634517901092,,COMPLETE
314,0.08341361804469412,2026-02-26 17:07:11.231309,2026-02-26 17:09:03.254675,0 days 00:01:52.023366,0.03275043004504662,5,sigmoid,custom,0.0707263860606067,rbf,,38.51273172636495,,PRUNED
315,0.0846938768577352,2026-02-26 17:09:03.282747,2026-02-26 17:10:22.627499,0 days 00:01:19.344752,0.023001682604977727,5,sigmoid,custom,0.05018823998401668,rbf,,15.461943852749059,,PRUNED
316,0.10284710401627314,2026-02-26 17:10:22.656431,2026-02-26 17:11:39.890055,0 days 00:01:17.233624,0.027193864496239045,5,sigmoid,custom,0.08192294909186724,rbf,,14.50470074334181,,COMPLETE
317,0.08334045042376802,2026-02-26 17:11:39.921677,2026-02-26 17:13:06.665398,0 days 00:01:26.743721,0.02143663948452038,5,sigmoid,custom,0.062438235144360504,rbf,,17.33670078542276,,PRUNED
318,0.08796828901516794,2026-02-26 17:13:06.692879,2026-02-26 17:14:25.156715,0 days 00:01:18.463836,0.017644281344996206,5,sigmoid,custom,0.029412852196175815,rbf,,14.580747988313329,,PRUNED
319,0.10282887720359375,2026-02-26 17:14:25.191588,2026-02-26 17:14:58.892108,0 days 00:00:33.700520,0.02017808107396699,3,sigmoid,custom,0.1006156687492339,rbf,,11.92035149290274,,COMPLETE
320,0.11572837502490232,2026-02-26 17:14:58.938551,2026-02-26 17:15:02.654594,0 days 00:00:03.716043,0.00543781308866965,5,sigmoid,custom,,linear,16030.0,56.41124099917061,7.596019111661366e-05,PRUNED
321,0.08806032283153511,2026-02-26 17:15:02.680567,2026-02-26 17:16:10.919026,0 days 00:01:08.238459,0.03535543587571252,5,sigmoid,custom,0.04163452027231525,rbf,,13.018676319692393,,PRUNED
322,0.08258230050918608,2026-02-26 17:16:11.007665,2026-02-26 17:17:34.064920,0 days 00:01:23.057255,0.016334489701187928,5,sigmoid,custom,0.05263962717656719,rbf,,15.651174690547709,,PRUNED
323,0.08229794630816213,2026-02-26 17:17:34.093406,2026-02-26 17:18:47.367748,0 days 00:01:13.274342,0.02744937132130137,5,sigmoid,custom,0.064908421211265,rbf,,13.842778830608552,,PRUNED
324,0.09200661516755636,2026-02-26 17:18:47.395573,2026-02-26 17:23:53.019338,0 days 00:05:05.623765,0.023278014964137485,5,isotonic,custom,0.8731956631652124,rbf,,12.500441984916133,,PRUNED
325,0.08597746655455883,2026-02-26 17:23:53.046484,2026-02-26 17:25:12.499212,0 days 00:01:19.452728,0.0174544482901261,5,sigmoid,custom,0.036164750892710526,rbf,,14.812583163501413,,PRUNED
326,0.08474543814365733,2026-02-26 17:25:12.525357,2026-02-26 17:27:34.837056,0 days 00:02:22.311699,0.014569345335125316,5,sigmoid,custom,0.07913467982271989,rbf,,43.98163457440695,,PRUNED
327,0.08369565630827241,2026-02-26 17:27:34.870319,2026-02-26 17:28:51.703136,0 days 00:01:16.832817,0.02033980933083624,5,sigmoid,custom,0.04808747614680773,rbf,,14.414121224769337,,PRUNED
328,0.102547151452229,2026-02-26 17:28:51.730638,2026-02-26 17:30:06.355599,0 days 00:01:14.624961,0.01602552335614162,5,sigmoid,custom,0.06229734736021043,rbf,,13.390713714100766,,COMPLETE
329,0.10331920844119417,2026-02-26 17:30:06.387507,2026-02-26 17:31:13.121296,0 days 00:01:06.733789,0.014258742133446458,5,sigmoid,custom,0.09414027719705675,rbf,,11.472601436946505,,COMPLETE
330,0.08450636818419821,2026-02-26 17:31:13.152959,2026-02-26 17:31:44.304685,0 days 00:00:31.151726,1.9224859926729012,5,sigmoid,custom,0.05500663666904803,rbf,,50.85487366600942,,PRUNED
331,0.08416973277644842,2026-02-26 17:31:44.339370,2026-02-26 17:32:19.279136,0 days 00:00:34.939766,0.011134052753853527,3,sigmoid,custom,0.04458499959699309,rbf,,13.24356225175848,,PRUNED
332,0.09207292549625361,2026-02-26 17:32:19.307720,2026-02-26 17:33:26.774904,0 days 00:01:07.467184,0.01593277395447907,5,sigmoid,custom,0.023134057731756145,rbf,,12.296677930085167,,PRUNED
333,0.10717093199363248,2026-02-26 17:33:26.802602,2026-02-26 17:34:10.336312,0 days 00:00:43.533710,1.0486309402834726,5,sigmoid,custom,0.1231410147194522,rbf,,84.2294966337745,,COMPLETE
334,0.10256248634787295,2026-02-26 17:34:10.368939,2026-02-26 17:35:25.960337,0 days 00:01:15.591398,0.01727260641138775,5,sigmoid,custom,0.06621723728072149,rbf,,13.611418421110695,,COMPLETE
335,0.08691468606443847,2026-02-26 17:35:25.989945,2026-02-26 17:36:36.074523,0 days 00:01:10.084578,0.012675192325688284,5,sigmoid,custom,0.03529776788696909,rbf,,12.81427416735063,,PRUNED
336,0.10284952543461927,2026-02-26 17:36:36.103608,2026-02-26 17:37:52.212759,0 days 00:01:16.109151,0.024305670066639282,5,sigmoid,custom,0.08216405463589907,rbf,,13.720787739922194,,COMPLETE
337,0.10212770992612152,2026-02-26 17:37:52.244285,2026-02-26 17:39:02.326522,0 days 00:01:10.082237,0.02011011197821623,5,sigmoid,custom,0.0010152513679608389,rbf,,13.044113813213068,,PRUNED
338,0.10250940894643487,2026-02-26 17:39:02.353240,2026-02-26 17:40:25.606773,0 days 00:01:23.253533,0.014644315173580946,5,sigmoid,custom,0.05589864673501562,rbf,,15.444430445426839,,COMPLETE
339,0.10273527079421756,2026-02-26 17:40:25.639330,2026-02-26 17:41:54.425849,0 days 00:01:28.786519,0.011381205441825947,5,sigmoid,custom,0.05966143941536967,rbf,,16.50638276776302,,COMPLETE
340,0.10308427994349494,2026-02-26 17:41:54.462830,2026-02-26 17:43:18.537193,0 days 00:01:24.074363,0.014089337819891232,5,sigmoid,custom,0.078608307815741,rbf,,15.373726954482342,,COMPLETE
341,0.08739764402564615,2026-02-26 17:43:18.567648,2026-02-26 17:45:04.771059,0 days 00:01:46.203411,0.015844021372958157,5,sigmoid,custom,0.050770268161183914,rbf,,23.697153152439984,,PRUNED
342,0.11675910862454211,2026-02-26 17:45:04.797124,2026-02-26 17:45:06.319032,0 days 00:00:01.521908,0.009022196372274667,3,sigmoid,custom,,linear,18530.0,15.96020128655966,2.6167268139518855e-06,PRUNED
343,0.09722925747319347,2026-02-26 17:45:06.346381,2026-02-26 17:49:31.404046,0 days 00:04:25.057665,0.029464574244803195,5,sigmoid,custom,0.5416177830631778,rbf,,14.820972231903141,,PRUNED
344,0.10384092967346428,2026-02-26 17:49:31.431860,2026-02-26 17:50:52.185900,0 days 00:01:20.754040,0.01326915147486797,5,sigmoid,custom,0.10232355455272911,rbf,,14.10828971965319,,COMPLETE
345,0.08911070498753394,2026-02-26 17:50:52.215296,2026-02-26 17:51:45.069773,0 days 00:00:52.854477,0.017993162827945424,5,sigmoid,custom,0.038857201138428735,rbf,,9.534311049043291,,PRUNED
346,0.0846009693784798,2026-02-26 17:51:45.103674,2026-02-26 17:53:05.053548,0 days 00:01:19.949874,0.02262929471710003,5,isotonic,custom,0.06323779698389752,rbf,,15.377794911101233,,PRUNED
347,0.08439449743130081,2026-02-26 17:53:05.080764,2026-02-26 17:54:10.796576,0 days 00:01:05.715812,0.014444376008124645,5,sigmoid,custom,0.048959230350220456,rbf,,11.811322308482989,,PRUNED
348,0.08732751763250982,2026-02-26 17:54:10.824611,2026-02-26 17:54:41.451555,0 days 00:00:30.626944,10.234653685530748,5,sigmoid,custom,0.028746444980621153,rbf,,13.963377372333479,,PRUNED
349,0.10571718482736983,2026-02-26 17:54:41.479237,2026-02-26 17:55:40.889675,0 days 00:00:59.410438,0.011506644956885824,5,sigmoid,custom,0.0031184491842735215,rbf,,10.737271390978217,,PRUNED
350,0.10293452426693694,2026-02-26 17:55:40.919630,2026-02-26 17:57:10.110765,0 days 00:01:29.191135,0.016629766913732934,5,sigmoid,custom,0.0749673869956104,rbf,,16.879295629681454,,COMPLETE
351,0.08504725515793901,2026-02-26 17:57:10.141624,2026-02-26 17:58:02.344385,0 days 00:00:52.202761,0.18770000195310227,5,sigmoid,custom,0.05766414798743669,rbf,,12.419092999316085,,PRUNED
352,0.08308494813423711,2026-02-26 17:58:02.371469,2026-02-26 17:59:25.279842,0 days 00:01:22.908373,0.019752727861505618,5,sigmoid,custom,0.1511316356943243,rbf,,13.354285209015705,,PRUNED
353,0.10306683888044894,2026-02-26 17:59:25.308662,2026-02-26 18:00:44.790689,0 days 00:01:19.482027,0.0271027874395363,5,sigmoid,custom,0.08890531057079244,rbf,,15.003079358519072,,COMPLETE
354,0.08637412646213996,2026-02-26 18:00:44.826165,2026-02-26 18:01:19.794540,0 days 00:00:34.968375,0.03660265293479563,3,sigmoid,custom,0.04486766196348342,rbf,,14.130922304194494,,PRUNED
355,0.10262249883459358,2026-02-26 18:01:19.823091,2026-02-26 18:02:31.506260,0 days 00:01:11.683169,0.013256466562209088,5,sigmoid,custom,0.06452318091104367,rbf,,12.875504538908016,,COMPLETE
356,0.0899963309738466,2026-02-26 18:02:31.537080,2026-02-26 18:04:05.183686,0 days 00:01:33.646606,0.022940827694431558,5,sigmoid,custom,0.036504969385300436,rbf,,20.215684267300386,,PRUNED
357,0.08297383783124515,2026-02-26 18:04:05.213664,2026-02-26 18:06:05.648846,0 days 00:02:00.435182,0.016836841853688833,5,sigmoid,custom,0.10510891534829767,rbf,,27.251954229952183,,PRUNED
358,0.10281605570817438,2026-02-26 18:06:05.683195,2026-02-26 18:07:30.216114,0 days 00:01:24.532919,0.019779886446929146,5,sigmoid,custom,0.07510795051462975,rbf,,16.062402001475963,,COMPLETE
359,0.08498275812877855,2026-02-26 18:07:30.259667,2026-02-26 18:08:13.630899,0 days 00:00:43.371232,0.5121311547658514,5,sigmoid,custom,0.055166762681082886,rbf,,13.518728130519875,,PRUNED
360,0.11563082285390838,2026-02-26 18:08:13.674563,2026-02-26 18:08:16.316992,0 days 00:00:02.642429,0.007507569065385509,5,sigmoid,custom,,linear,5806.0,17.94791624688905,1.0006582290351279e-05,PRUNED
361,0.0859387516771207,2026-02-26 18:08:16.353869,2026-02-26 18:08:55.338294,0 days 00:00:38.984425,0.7896742037617941,5,sigmoid,custom,0.04424019903640504,rbf,,12.070552425336674,,PRUNED
362,0.10256575543363045,2026-02-26 18:08:55.366156,2026-02-26 18:10:14.847190,0 days 00:01:19.481034,0.014978129575389312,5,sigmoid,custom,0.06293450429413876,rbf,,14.536568018157968,,COMPLETE
363,0.10327384420232873,2026-02-26 18:10:14.878826,2026-02-26 18:11:28.691969,0 days 00:01:13.813143,0.011947916845321283,5,sigmoid,custom,0.09095606534866398,rbf,,12.919488328817348,,COMPLETE
364,0.08402898553726781,2026-02-26 18:11:28.733699,2026-02-26 18:12:49.872682,0 days 00:01:21.138983,0.024712405148579333,5,isotonic,custom,0.12776209196919772,rbf,,13.810098129174152,,PRUNED
365,0.08209096910106974,2026-02-26 18:12:49.900267,2026-02-26 18:13:29.045179,0 days 00:00:39.144912,0.018041444519073194,3,sigmoid,custom,0.050018767338819235,rbf,,15.166972434646617,,PRUNED
366,0.08882110115538884,2026-02-26 18:13:29.109718,2026-02-26 18:14:37.353040,0 days 00:01:08.243322,0.014885504477257016,5,sigmoid,custom,0.03095400143523105,rbf,,12.33082757874169,,PRUNED
367,0.10279107651502477,2026-02-26 18:14:37.381769,2026-02-26 18:15:41.351503,0 days 00:01:03.969734,0.031150234836582205,5,sigmoid,custom,0.07491053909919364,rbf,,11.231618831458857,,COMPLETE
368,0.08544324623565462,2026-02-26 18:15:41.393284,2026-02-26 18:16:57.782180,0 days 00:01:16.388896,0.02128631009301218,5,sigmoid,custom,0.04076679422555871,rbf,,14.257422398653917,,PRUNED
369,0.08562892039394635,2026-02-26 18:16:57.888042,2026-02-26 18:19:35.482180,0 days 00:02:37.594138,0.012741742665669865,5,sigmoid,custom,0.061727227037882075,rbf,,65.01780424874882,,PRUNED
370,0.0826466515741097,2026-02-26 18:19:35.526536,2026-02-26 18:20:50.144198,0 days 00:01:14.617662,0.01626635826731891,5,sigmoid,custom,0.05294368763752035,rbf,,13.508862007575146,,PRUNED
371,0.10317149349325214,2026-02-26 18:20:50.221988,2026-02-26 18:22:13.311442,0 days 00:01:23.089454,0.01960420884529421,5,sigmoid,custom,0.08767981085663809,rbf,,15.362110867207326,,COMPLETE
372,0.10258066213549251,2026-02-26 18:22:13.365688,2026-02-26 18:23:24.031237,0 days 00:01:10.665549,0.026570701450368734,5,sigmoid,custom,0.07067950058650815,rbf,,12.905005114552205,,COMPLETE
373,0.08528126840942529,2026-02-26 18:23:24.088369,2026-02-26 18:24:43.238510,0 days 00:01:19.150141,0.011321891284337788,5,sigmoid,custom,0.03820234229309789,rbf,,14.46212362043595,,PRUNED
374,0.10398219811916773,2026-02-26 18:24:43.292649,2026-02-26 18:25:53.342803,0 days 00:01:10.050154,0.014964251433679495,5,sigmoid,custom,0.1131169774630503,rbf,,11.834990180322954,,COMPLETE
375,0.08243419740965735,2026-02-26 18:25:53.386009,2026-02-26 18:27:07.356992,0 days 00:01:13.970983,0.02289827919518897,5,sigmoid,custom,0.0571185479050544,rbf,,13.757680157093684,,PRUNED
376,0.08339630902943361,2026-02-26 18:27:07.396070,2026-02-26 18:27:48.340227,0 days 00:00:40.944157,0.018335774917673898,3,sigmoid,custom,0.04529087723240449,rbf,,16.153126058038332,,PRUNED
377,0.10228831039714092,2026-02-26 18:27:48.376732,2026-02-26 18:28:56.983731,0 days 00:01:08.606999,0.013600444767566666,5,sigmoid,custom,0.001804921247544724,rbf,,12.619635279994604,,PRUNED
378,0.10270958286119089,2026-02-26 18:28:57.045392,2026-02-26 18:30:18.339729,0 days 00:01:21.294337,0.01648005897596971,5,sigmoid,custom,0.06994843892560411,rbf,,14.83503910551947,,COMPLETE
379,0.10753868076651446,2026-02-26 18:30:18.371029,2026-02-26 18:30:19.265509,0 days 00:00:00.894480,0.0010047042317940936,5,sigmoid,custom,,linear,12156.0,13.374441731437955,2.4530741940215344e-05,PRUNED
380,0.09227893599584423,2026-02-26 18:30:19.293681,2026-02-26 18:31:36.517863,0 days 00:01:17.224182,0.019409407140431753,5,sigmoid,custom,0.018908509804887834,rbf,,14.147614432639001,,PRUNED
381,0.09020846778010404,2026-02-26 18:31:36.545819,2026-02-26 18:32:47.282342,0 days 00:01:10.736523,0.029393680584776916,5,sigmoid,custom,0.02905622407280812,rbf,,13.138877487715478,,PRUNED
382,0.08522041160566868,2026-02-26 18:32:47.316365,2026-02-26 18:34:12.719833,0 days 00:01:25.403468,0.023557371922210496,5,sigmoid,custom,0.05358371869394384,rbf,,17.03872624185884,,PRUNED
383,0.08286865129717023,2026-02-26 18:34:12.747806,2026-02-26 18:35:21.084971,0 days 00:01:08.337165,0.013091287511335654,5,isotonic,custom,0.09467878205873773,rbf,,11.653268548211125,,PRUNED
384,0.10295099656135587,2026-02-26 18:35:21.115193,2026-02-26 18:36:46.753855,0 days 00:01:25.638662,0.011563674706691887,5,sigmoid,custom,0.07240391977432373,rbf,,15.357229219810073,,COMPLETE
385,0.08729107807222228,2026-02-26 18:36:46.785979,2026-02-26 18:37:54.857345,0 days 00:01:08.071366,0.016209872942252703,5,sigmoid,custom,0.035710118271164604,rbf,,12.26868660141787,,PRUNED
386,0.08469683525092361,2026-02-26 18:37:54.883192,2026-02-26 18:39:11.133268,0 days 00:01:16.250076,0.020963626523583707,5,sigmoid,custom,0.0434487425294256,rbf,,14.147853823987253,,PRUNED
387,0.08498303555233391,2026-02-26 18:39:11.162241,2026-02-26 18:40:19.997613,0 days 00:01:08.835372,0.03923694355370855,5,sigmoid,custom,0.05935939687368633,rbf,,13.261701947806822,,PRUNED
388,0.10304086141628895,2026-02-26 18:40:20.025807,2026-02-26 18:41:00.185861,0 days 00:00:40.160054,0.014856432868904852,3,sigmoid,custom,0.08594578064411099,rbf,,14.878532760869541,,COMPLETE
389,0.0827362245361482,2026-02-26 18:41:00.218584,2026-02-26 18:42:15.653750,0 days 00:01:15.435166,0.01710452431699429,5,sigmoid,custom,0.0521315807305398,rbf,,13.61987124140097,,PRUNED
390,0.10263081473724159,2026-02-26 18:42:15.682064,2026-02-26 18:43:25.899645,0 days 00:01:10.217581,0.026325822481099995,5,sigmoid,custom,0.07212597121236067,rbf,,12.588086473736208,,COMPLETE
391,0.10440376769401176,2026-02-26 18:43:25.930810,2026-02-26 18:44:49.522938,0 days 00:01:23.592128,0.020566381651453036,5,sigmoid,custom,0.11682531805735231,rbf,,14.539888238940543,,COMPLETE
392,0.08347210058994269,2026-02-26 18:44:49.553320,2026-02-26 18:46:16.902801,0 days 00:01:27.349481,0.011663368470457782,5,sigmoid,custom,0.04461445287656757,rbf,,16.117259326434738,,PRUNED
393,0.08309728738242855,2026-02-26 18:46:16.930421,2026-02-26 18:47:18.831739,0 days 00:01:01.901318,0.014255343941766205,5,sigmoid,custom,0.060537803191234155,rbf,,10.97212300800773,,PRUNED
394,0.08391449983957884,2026-02-26 18:47:18.860820,2026-02-26 18:47:52.873122,0 days 00:00:34.012302,16.111438165745366,5,sigmoid,custom,0.08307722798026958,rbf,,12.795133706104986,,PRUNED
395,0.08919855908122507,2026-02-26 18:47:52.898996,2026-02-26 18:49:53.485156,0 days 00:02:00.586160,0.01819667550794079,5,sigmoid,custom,0.03512928218548412,rbf,,33.8443374930773,,PRUNED
396,0.09042115327821383,2026-02-26 18:49:53.513042,2026-02-26 18:51:08.898506,0 days 00:01:15.385464,0.022613941968452473,5,sigmoid,custom,0.02473423836257325,rbf,,13.994029258824082,,PRUNED
397,0.0844671157869751,2026-02-26 18:51:08.926870,2026-02-26 18:52:19.462332,0 days 00:01:10.535462,0.03185124545020288,5,sigmoid,custom,0.05493810665650731,rbf,,13.423319138533348,,PRUNED
398,0.11599246979975165,2026-02-26 18:52:19.501230,2026-02-26 18:52:21.175193,0 days 00:00:01.673963,0.008878068766861029,5,sigmoid,custom,,linear,10653.0,15.49255682869997,0.0008979479282230555,PRUNED
399,0.10218229982833356,2026-02-26 18:52:21.202577,2026-02-26 18:52:54.003170,0 days 00:00:32.800593,0.01334832080426834,3,sigmoid,custom,0.07381519266289431,rbf,,11.787226009150704,,COMPLETE
400,0.08634395184822365,2026-02-26 18:52:54.156472,2026-02-26 18:53:42.677115,0 days 00:00:48.520643,0.012975422069074117,3,sigmoid,custom,0.27143635845983616,rbf,,11.836972415694607,,PRUNED
401,0.10470506144243948,2026-02-26 18:53:42.704723,2026-02-26 18:54:16.814316,0 days 00:00:34.109593,0.011217327890009628,3,sigmoid,custom,0.16710017573845556,rbf,,10.145055036640802,,COMPLETE
402,0.10657862669043662,2026-02-26 18:54:16.863959,2026-02-26 18:54:47.159384,0 days 00:00:30.295425,0.01353461882585987,3,sigmoid,custom,0.0006429344756121929,rbf,,11.324066138491013,,PRUNED
403,0.11199734868908875,2026-02-26 18:54:47.192152,2026-02-26 18:55:22.905531,0 days 00:00:35.713379,0.017855539418870768,3,isotonic,custom,0.09981235252890217,rbf,,12.612542984393771,,COMPLETE
404,0.10207317135953546,2026-02-26 18:55:22.950543,2026-02-26 18:55:56.061015,0 days 00:00:33.110472,0.025432249151892742,3,sigmoid,custom,0.07590339072563411,rbf,,11.96980621314396,,COMPLETE
405,0.10219588193391922,2026-02-26 18:55:56.114069,2026-02-26 18:56:28.036539,0 days 00:00:31.922470,0.028420088103366912,3,sigmoid,custom,0.08414801791685045,rbf,,11.408436919434351,,COMPLETE
406,0.10276789762271635,2026-02-26 18:56:28.067607,2026-02-26 18:57:00.450167,0 days 00:00:32.382560,0.04385302391682602,3,sigmoid,custom,0.11670850632127071,rbf,,10.654734857059724,,COMPLETE
407,0.10232983462133112,2026-02-26 18:57:00.485011,2026-02-26 18:57:32.365031,0 days 00:00:31.880020,0.03569255568329037,3,sigmoid,custom,0.09586524561992658,rbf,,11.069900349318797,,COMPLETE
408,0.10403046502173827,2026-02-26 18:57:32.398009,2026-02-26 18:58:08.043904,0 days 00:00:35.645895,0.03580921999834883,3,sigmoid,custom,0.1450221607150866,rbf,,11.275832219311205,,COMPLETE
409,0.08282867280835794,2026-02-26 18:58:08.076065,2026-02-26 18:58:49.716325,0 days 00:00:41.640260,0.029366013850538532,3,sigmoid,custom,0.2178612534229211,rbf,,10.30061194962429,,PRUNED
410,0.10243011041597716,2026-02-26 18:58:49.745306,2026-02-26 18:59:21.299839,0 days 00:00:31.554533,0.037276342759131734,3,sigmoid,custom,0.10139454819706532,rbf,,10.795128685237268,,COMPLETE
411,0.10356118073205385,2026-02-26 18:59:21.330250,2026-02-26 18:59:54.208600,0 days 00:00:32.878350,0.04047149964239258,3,sigmoid,custom,0.1384248887053531,rbf,,9.884273614563591,,COMPLETE
412,0.10278429700754821,2026-02-26 18:59:54.239791,2026-02-26 19:00:27.017639,0 days 00:00:32.777848,0.03244624166295211,3,sigmoid,custom,0.10961133251591257,rbf,,11.002531327513328,,COMPLETE
413,0.10509917447910966,2026-02-26 19:00:27.049555,2026-02-26 19:01:05.009656,0 days 00:00:37.960101,0.05344349197966025,3,sigmoid,custom,0.18304460497477987,rbf,,10.203091588962018,,COMPLETE
414,0.10229035044168407,2026-02-26 19:01:05.041593,2026-02-26 19:01:33.637683,0 days 00:00:28.596090,0.04931293018568718,3,sigmoid,custom,0.10103938156393008,rbf,,9.287474301091821,,COMPLETE
415,0.10377547641525398,2026-02-26 19:01:33.670114,2026-02-26 19:02:05.848173,0 days 00:00:32.178059,0.05468858097176849,3,sigmoid,custom,0.1458250888760378,rbf,,9.201470370000514,,COMPLETE
416,0.10314844330979005,2026-02-26 19:02:05.879083,2026-02-26 19:02:35.834429,0 days 00:00:29.955346,0.04165450747015482,3,sigmoid,custom,0.11982646660788705,rbf,,8.685192697424986,,COMPLETE
417,0.1017528486098892,2026-02-26 19:02:35.879767,2026-02-26 19:03:07.148119,0 days 00:00:31.268352,0.06918046086451275,3,sigmoid,custom,0.1006913293008225,rbf,,11.014297115537426,,COMPLETE
418,0.10244988297271454,2026-02-26 19:03:07.195526,2026-02-26 19:03:33.200790,0 days 00:00:26.005264,0.0638059527463668,3,sigmoid,custom,0.0970664061795874,rbf,,8.041390418509794,,COMPLETE
419,0.10452513400386527,2026-02-26 19:03:33.233048,2026-02-26 19:04:05.170215,0 days 00:00:31.937167,0.0458973310607677,3,sigmoid,custom,0.15756729308422535,rbf,,8.55584881391881,,COMPLETE
420,0.10274734256335642,2026-02-26 19:04:05.232820,2026-02-26 19:04:35.502063,0 days 00:00:30.269243,0.04953371123034704,3,sigmoid,custom,0.11712504001052831,rbf,,9.510291620129584,,COMPLETE
421,0.12741554501659821,2026-02-26 19:04:35.533944,2026-02-26 19:04:39.888864,0 days 00:00:04.354920,0.11620975170722274,3,sigmoid,custom,,linear,8209.0,9.2639946674027,1.073752473710517e-06,PRUNED
422,0.10214495642147003,2026-02-26 19:04:39.924138,2026-02-26 19:05:11.132606,0 days 00:00:31.208468,0.056343296991969195,3,sigmoid,custom,0.10512729725098027,rbf,,10.455108339096999,,COMPLETE
423,0.08230084910184497,2026-02-26 19:05:11.163195,2026-02-26 19:05:47.821391,0 days 00:00:36.658196,0.06502138489605286,3,sigmoid,custom,0.1986999848867049,rbf,,8.155236298883494,,PRUNED
424,0.10231745222038335,2026-02-26 19:05:47.849673,2026-02-26 19:06:19.483583,0 days 00:00:31.633910,0.10060825136516355,3,sigmoid,custom,0.12765690765989243,rbf,,10.599250648315943,,COMPLETE
425,0.10341746100490648,2026-02-26 19:06:19.515919,2026-02-26 19:06:52.107369,0 days 00:00:32.591450,0.06158628895284633,3,sigmoid,custom,0.140896527429678,rbf,,9.71449827901794,,COMPLETE
426,0.14577383198137778,2026-02-26 19:06:52.153019,2026-02-26 19:07:20.794132,0 days 00:00:28.641113,0.09624448819453991,3,isotonic,custom,0.12529396421845523,rbf,,8.551247661122398,,COMPLETE
427,0.1053129989533195,2026-02-26 19:07:20.825783,2026-02-26 19:07:59.922395,0 days 00:00:39.096612,0.05528217758401924,3,sigmoid,custom,0.18960282988277397,rbf,,10.537953940000692,,COMPLETE
428,0.10174668022722973,2026-02-26 19:07:59.977310,2026-02-26 19:08:28.845900,0 days 00:00:28.868590,0.07895480951156007,3,sigmoid,custom,0.0982653821530031,rbf,,9.890780792135708,,COMPLETE
429,0.10370621383968721,2026-02-26 19:08:28.899108,2026-02-26 19:09:02.717750,0 days 00:00:33.818642,0.06637220225714183,3,sigmoid,custom,0.151076105112171,rbf,,9.986142946894317,,COMPLETE
430,0.10271212818547204,2026-02-26 19:09:02.749735,2026-02-26 19:09:35.619507,0 days 00:00:32.869772,0.054828274789395906,3,sigmoid,custom,0.12218246359226133,rbf,,10.727753784298354,,COMPLETE
431,0.10196361633072556,2026-02-26 19:09:35.651037,2026-02-26 19:10:05.902678,0 days 00:00:30.251641,0.05896221302021464,3,sigmoid,custom,0.10027704541028326,rbf,,10.400946580434313,,COMPLETE
432,0.10180966875218109,2026-02-26 19:10:05.936718,2026-02-26 19:10:35.776726,0 days 00:00:29.840008,0.08401352506232622,3,sigmoid,custom,0.10308801719691563,rbf,,10.327422508445132,,COMPLETE
433,0.08447713940810898,2026-02-26 19:10:35.816951,2026-02-26 19:11:22.476802,0 days 00:00:46.659851,0.06092181270337736,3,sigmoid,custom,0.25249505502497427,rbf,,9.667180594393441,,PRUNED
434,0.10202066986825284,2026-02-26 19:11:22.502871,2026-02-26 19:11:52.668376,0 days 00:00:30.165505,0.08717348755326484,3,sigmoid,custom,0.11113957856859437,rbf,,10.318572715642945,,COMPLETE
435,0.10441359908690502,2026-02-26 19:11:52.704041,2026-02-26 19:12:30.143013,0 days 00:00:37.438972,0.08600853908162942,3,sigmoid,custom,0.1780064165774711,rbf,,10.47513433072573,,COMPLETE
436,0.10194701365679933,2026-02-26 19:12:30.174465,2026-02-26 19:13:00.741083,0 days 00:00:30.566618,0.08075654014853424,3,sigmoid,custom,0.10758107642464279,rbf,,10.3648361043151,,COMPLETE
437,0.08855967318444827,2026-02-26 19:13:00.772809,2026-02-26 19:14:07.889525,0 days 00:01:07.116716,0.08180710454468741,3,sigmoid,custom,0.3389000426378685,rbf,,10.14076157969568,,PRUNED
438,0.10288659347350329,2026-02-26 19:14:07.918818,2026-02-26 19:14:41.205302,0 days 00:00:33.286484,0.08538019790254822,3,sigmoid,custom,0.13964970054319117,rbf,,10.600318154001451,,COMPLETE
439,0.10180651124858338,2026-02-26 19:14:41.235967,2026-02-26 19:15:07.987155,0 days 00:00:26.751188,0.1415554710911174,3,sigmoid,custom,0.10494689982393003,rbf,,8.963402570716458,,COMPLETE
440,0.10236110976995041,2026-02-26 19:15:08.029694,2026-02-26 19:15:36.088929,0 days 00:00:28.059235,0.07230582419413147,3,sigmoid,custom,0.1068601970519687,rbf,,8.912609403632654,,COMPLETE
441,0.10385113249829711,2026-02-26 19:15:36.123297,2026-02-26 19:16:08.352551,0 days 00:00:32.229254,0.11645321864847263,3,sigmoid,custom,0.1568518500059341,rbf,,8.760426912491004,,COMPLETE
442,0.10212927295487699,2026-02-26 19:16:08.395218,2026-02-26 19:16:37.018814,0 days 00:00:28.623596,0.07424153724526539,3,sigmoid,custom,0.10486704552208687,rbf,,9.395145701147536,,COMPLETE
443,0.1016707876124735,2026-02-26 19:16:37.051874,2026-02-26 19:17:04.515272,0 days 00:00:27.463398,0.14045115752859447,3,sigmoid,custom,0.10631674963849828,rbf,,9.670613024252122,,COMPLETE
444,0.10193745566406305,2026-02-26 19:17:04.563392,2026-02-26 19:17:31.745627,0 days 00:00:27.182235,0.1410283676766105,3,sigmoid,custom,0.11068118801058541,rbf,,9.059619072902718,,COMPLETE
445,0.10539215803717705,2026-02-26 19:17:31.788541,2026-02-26 19:18:11.431505,0 days 00:00:39.642964,0.17957244844417536,3,sigmoid,custom,0.21595193600556764,rbf,,9.196056079966057,,COMPLETE
446,0.10242905517272449,2026-02-26 19:18:11.463218,2026-02-26 19:18:40.414851,0 days 00:00:28.951633,0.13483507704639955,3,sigmoid,custom,0.1265715100888131,rbf,,9.115278246688696,,COMPLETE
447,0.12786441490353348,2026-02-26 19:18:40.446338,2026-02-26 19:18:44.565434,0 days 00:00:04.119096,0.14057421259679792,3,sigmoid,custom,,linear,18043.0,9.069050128882386,2.2259474920356652e-06,PRUNED
448,0.10333473538454219,2026-02-26 19:18:44.595197,2026-02-26 19:19:17.137021,0 days 00:00:32.541824,0.14420334308203514,3,sigmoid,custom,0.15823902587723096,rbf,,9.459063638814355,,COMPLETE
