race_id,row_id,y_true,y_pred,p_max,correct,explained_class,rank,feature,shap_signed,shap_abs,feature_value,group,direction
2,19,0,0,0.9524905681610107,1,HARD,1,race_track,0.8784230947494507,3.6678500175476074,Australian Grand Prix,G_track,push_HARD
2,19,0,0,0.9524905681610107,1,HARD,2,p_xgb_c0,0.7406125068664551,0.7406125068664551,0.9732374548912048,OTHER,push_HARD
2,19,0,0,0.9524905681610107,1,HARD,3,p_ann_c4,0.2896076738834381,0.2896076738834381,0.12807638943195343,OTHER,push_HARD
2,19,0,0,0.9524905681610107,1,HARD,4,p_svm_c0,0.24906794726848602,0.24906794726848602,0.9499177793882043,OTHER,push_HARD
2,19,0,0,0.9524905681610107,1,HARD,5,p_ann_c1,-0.2352083921432495,0.2352083921432495,0.2412654310464859,OTHER,away_HARD
2,19,0,0,0.9524905681610107,1,HARD,6,p_rf_c3,-0.2295914739370346,0.2295914739370346,0.02846496720591413,OTHER,away_HARD
2,18,0,0,0.9456719756126404,1,HARD,1,race_track,0.8687008619308472,3.6501827239990234,Australian Grand Prix,G_track,push_HARD
2,18,0,0,0.9456719756126404,1,HARD,2,p_xgb_c0,0.7321241497993469,0.7321241497993469,0.985741138458252,OTHER,push_HARD
2,18,0,0,0.9456719756126404,1,HARD,3,p_ann_c4,0.2902620732784271,0.2902620732784271,0.12998494505882263,OTHER,push_HARD
2,18,0,0,0.9456719756126404,1,HARD,4,p_svm_c0,0.2365575134754181,0.2365575134754181,0.9601400550327053,OTHER,push_HARD
2,18,0,0,0.9456719756126404,1,HARD,5,p_rf_c3,-0.2345850020647049,0.2345850020647049,0.028485645167342838,OTHER,away_HARD
2,18,0,0,0.9456719756126404,1,HARD,6,race_progress,0.2328098565340042,0.2328098565340042,0.3620689655172414,G_race_phase,push_HARD
2,29,2,0,0.9242076873779297,0,HARD,1,race_track,0.94087815284729,3.597979784011841,Australian Grand Prix,G_track,push_HARD
2,29,2,0,0.9242076873779297,0,HARD,2,p_xgb_c0,0.6797965168952942,0.6797965168952942,0.8929393291473389,OTHER,push_HARD
2,29,2,0,0.9242076873779297,0,HARD,3,p_ann_c4,0.30085986852645874,0.30085986852645874,0.12940171360969543,OTHER,push_HARD
2,29,2,0,0.9242076873779297,0,HARD,4,p_svm_c0,0.22986771166324615,0.22986771166324615,0.9433914145926349,OTHER,push_HARD
2,29,2,0,0.9242076873779297,0,HARD,5,p_rf_c3,-0.22649893164634705,0.22649893164634705,0.037362492236462354,OTHER,away_HARD
2,29,2,0,0.9242076873779297,0,HARD,6,p_rf_c0,0.22359603643417358,0.22359603643417358,0.7606279254697795,OTHER,push_HARD
2,23,2,0,0.9080604314804077,0,HARD,1,race_track,1.0221660137176514,3.5693705081939697,Australian Grand Prix,G_track,push_HARD
2,23,2,0,0.9080604314804077,0,HARD,2,p_xgb_c0,0.6679304242134094,0.6679304242134094,0.8705682754516602,OTHER,push_HARD
2,23,2,0,0.9080604314804077,0,HARD,3,p_ann_c4,0.30205094814300537,0.30205094814300537,0.1305650919675827,OTHER,push_HARD
2,23,2,0,0.9080604314804077,0,HARD,4,p_svm_c0,0.23556916415691376,0.23556916415691376,0.950296244780958,OTHER,push_HARD
2,23,2,0,0.9080604314804077,0,HARD,5,p_rf_c0,0.22537052631378174,0.22537052631378174,0.7601551559301325,OTHER,push_HARD
2,23,2,0,0.9080604314804077,0,HARD,6,p_ann_c1,-0.22456371784210205,0.22456371784210205,0.238215371966362,OTHER,away_HARD
24,479,0,0,0.9783931970596313,1,HARD,1,race_track,0.9957311153411865,3.720578908920288,Austrian Grand Prix,G_track,push_HARD
24,479,0,0,0.9783931970596313,1,HARD,2,p_xgb_c0,0.7263533473014832,0.7263533473014832,0.9711424708366394,OTHER,push_HARD
24,479,0,0,0.9783931970596313,1,HARD,3,p_rf_c1,-0.3028772175312042,0.3028772175312042,0.18384529452303697,OTHER,away_HARD
24,479,0,0,0.9783931970596313,1,HARD,4,p_svm_c0,0.29612618684768677,0.29612618684768677,0.9248392573039321,OTHER,push_HARD
24,479,0,0,0.9783931970596313,1,HARD,5,race_progress,0.22643029689788818,0.22643029689788818,0.3661971830985915,G_race_phase,push_HARD
24,479,0,0,0.9783931970596313,1,HARD,6,p_ann_c1,-0.2191629856824875,0.2191629856824875,0.26996341347694397,OTHER,away_HARD
24,475,0,0,0.9773563146591187,1,HARD,1,race_track,0.9950153827667236,3.6828930377960205,Austrian Grand Prix,G_track,push_HARD
24,475,0,0,0.9773563146591187,1,HARD,2,p_xgb_c0,0.7263707518577576,0.7263707518577576,0.9736850261688232,OTHER,push_HARD
24,475,0,0,0.9773563146591187,1,HARD,3,p_rf_c1,-0.3028772175312042,0.3028772175312042,0.18389244654114337,OTHER,away_HARD
24,475,0,0,0.9773563146591187,1,HARD,4,p_svm_c0,0.29612618684768677,0.29612618684768677,0.9245138763790886,OTHER,push_HARD
24,475,0,0,0.9773563146591187,1,HARD,5,p_ann_c1,-0.23141472041606903,0.23141472041606903,0.2686944007873535,OTHER,away_HARD
24,475,0,0,0.9773563146591187,1,HARD,6,race_progress,0.23114654421806335,0.23114654421806335,0.3943661971830985,G_race_phase,push_HARD
24,481,1,0,0.7172508835792542,0,HARD,1,race_track,1.0828824043273926,3.976795196533203,Austrian Grand Prix,G_track,push_HARD
24,481,1,0,0.7172508835792542,0,HARD,2,p_svm_c0,0.2916267514228821,0.2916267514228821,0.7414386015285742,OTHER,push_HARD
24,481,1,0,0.7172508835792542,0,HARD,3,p_ann_c1,-0.25242120027542114,0.25242120027542114,0.25464901328086853,OTHER,away_HARD
24,481,1,0,0.7172508835792542,0,HARD,4,p_ann_c4,0.2408614605665207,0.2408614605665207,0.1030551865696907,OTHER,push_HARD
24,481,1,0,0.7172508835792542,0,HARD,5,race_progress,0.20666418969631195,0.20666418969631195,0.352112676056338,G_race_phase,push_HARD
24,481,1,0,0.7172508835792542,0,HARD,6,p_rf_c3,0.20616745948791504,0.20616745948791504,0.002691524073865735,OTHER,push_HARD
24,471,2,0,0.6463006138801575,0,HARD,1,race_track,1.1413415670394897,3.9078290462493896,Austrian Grand Prix,G_track,push_HARD
24,471,2,0,0.6463006138801575,0,HARD,2,p_ann_c1,-0.2693321406841278,0.2693321406841278,0.24702712893486023,OTHER,away_HARD
24,471,2,0,0.6463006138801575,0,HARD,3,p_svm_c0,0.2533206045627594,0.2533206045627594,0.5983993145613895,OTHER,push_HARD
24,471,2,0,0.6463006138801575,0,HARD,4,p_xgb_c0,0.23985451459884644,0.23985451459884644,0.6253275275230408,OTHER,push_HARD
24,471,2,0,0.6463006138801575,0,HARD,5,p_ann_c3,0.1967262476682663,0.1967262476682663,0.16380566358566284,OTHER,push_HARD
24,471,2,0,0.6463006138801575,0,HARD,6,race_progress,-0.19279292225837708,0.19279292225837708,0.647887323943662,G_race_phase,away_HARD
53,1207,0,0,0.9808293581008911,1,HARD,1,race_track,1.1119071245193481,3.6354687213897705,Portuguese Grand Prix,G_track,push_HARD
53,1207,0,0,0.9808293581008911,1,HARD,2,p_xgb_c0,0.7205473184585571,0.7205473184585571,0.9707450866699219,OTHER,push_HARD
53,1207,0,0,0.9808293581008911,1,HARD,3,p_svm_c0,0.24865607917308807,0.24865607917308807,0.9452982806176916,OTHER,push_HARD
53,1207,0,0,0.9808293581008911,1,HARD,4,p_ann_c1,-0.24503102898597717,0.24503102898597717,0.19257217645645142,OTHER,away_HARD
53,1207,0,0,0.9808293581008911,1,HARD,5,race_progress,0.22339247167110443,0.22339247167110443,0.4090909090909091,G_race_phase,push_HARD
53,1207,0,0,0.9808293581008911,1,HARD,6,p_svm_c3,0.21201594173908234,0.21201594173908234,5.0245447045414776e-05,OTHER,push_HARD
53,1222,0,0,0.9660679697990417,1,HARD,1,race_track,1.1204794645309448,3.634337902069092,Portuguese Grand Prix,G_track,push_HARD
53,1222,0,0,0.9660679697990417,1,HARD,2,p_xgb_c0,0.6187888383865356,0.6187888383865356,0.963808536529541,OTHER,push_HARD
53,1222,0,0,0.9660679697990417,1,HARD,3,p_ann_c1,-0.24836787581443787,0.24836787581443787,0.19239218533039093,OTHER,away_HARD
53,1222,0,0,0.9660679697990417,1,HARD,4,p_svm_c0,0.2373322695493698,0.2373322695493698,0.9427422041654733,OTHER,push_HARD
53,1222,0,0,0.9660679697990417,1,HARD,5,p_ann_c3,0.19804580509662628,0.19804580509662628,0.17090849578380585,OTHER,push_HARD
53,1222,0,0,0.9660679697990417,1,HARD,6,race_progress,0.18879106640815735,0.18879106640815735,0.4242424242424242,G_race_phase,push_HARD
53,1220,0,1,0.5688959956169128,0,MEDIUM,1,race_track,-0.33537542819976807,1.6839176416397095,Portuguese Grand Prix,G_track,away_MEDIUM
53,1220,0,1,0.5688959956169128,0,MEDIUM,2,current_compound,-0.4965318739414215,0.5858379602432251,SOFT,G_tyre,away_MEDIUM
53,1220,0,1,0.5688959956169128,0,MEDIUM,3,p_vse_compound_ann_c0,0.4259718358516693,0.4259718358516693,0.2627791166305542,OTHER,push_MEDIUM
53,1220,0,1,0.5688959956169128,0,MEDIUM,4,p_rf_c1,0.3350091874599457,0.3350091874599457,0.5092441739836722,OTHER,push_MEDIUM
53,1220,0,1,0.5688959956169128,0,MEDIUM,5,p_ann_c1,-0.29357796907424927,0.29357796907424927,0.1903916746377945,OTHER,away_MEDIUM
53,1220,0,1,0.5688959956169128,0,MEDIUM,6,p_xgb_c2,-0.16673468053340912,0.16673468053340912,0.01867837831377983,OTHER,away_MEDIUM
53,1209,1,0,0.5027096271514893,0,HARD,1,race_track,1.2515488862991333,3.9155900478363037,Portuguese Grand Prix,G_track,push_HARD
53,1209,1,0,0.5027096271514893,0,HARD,2,p_ann_c1,-0.28418710827827454,0.28418710827827454,0.19431710243225098,OTHER,away_HARD
53,1209,1,0,0.5027096271514893,0,HARD,3,p_svm_c0,0.2761732339859009,0.2761732339859009,0.5834598748090082,OTHER,push_HARD
53,1209,1,0,0.5027096271514893,0,HARD,4,p_xgb_c0,-0.2539374530315399,0.2539374530315399,0.47510451078414917,OTHER,away_HARD
53,1209,1,0,0.5027096271514893,0,HARD,5,p_vse_compound_ann_c0,0.21649639308452606,0.21649639308452606,0.2689112424850464,OTHER,push_HARD
53,1209,1,0,0.5027096271514893,0,HARD,6,race_progress,0.2066202610731125,0.2066202610731125,0.2121212121212121,G_race_phase,push_HARD
73,1707,0,0,0.9780922532081604,1,HARD,1,race_track,0.7021902799606323,3.7542176246643066,Portuguese Grand Prix,G_track,push_HARD
73,1707,0,0,0.9780922532081604,1,HARD,2,p_xgb_c0,0.6265034079551697,0.6265034079551697,0.9605121612548828,OTHER,push_HARD
73,1707,0,0,0.9780922532081604,1,HARD,3,p_ann_c4,0.3232305347919464,0.3232305347919464,0.15896005928516388,OTHER,push_HARD
73,1707,0,0,0.9780922532081604,1,HARD,4,p_ann_c1,-0.280683696269989,0.280683696269989,0.18554121255874634,OTHER,away_HARD
73,1707,0,0,0.9780922532081604,1,HARD,5,p_vse_compound_ann_c0,0.24364328384399414,0.24364328384399414,0.30720338225364685,OTHER,push_HARD
73,1707,0,0,0.9780922532081604,1,HARD,6,p_svm_c0,0.240574911236763,0.240574911236763,0.9034472891594233,OTHER,push_HARD
73,1689,0,0,0.9707040786743164,1,HARD,1,race_track,0.7902824878692627,3.672022581100464,Portuguese Grand Prix,G_track,push_HARD
73,1689,0,0,0.9707040786743164,1,HARD,2,p_xgb_c0,0.5992869138717651,0.5992869138717651,0.9632824063301086,OTHER,push_HARD
73,1689,0,0,0.9707040786743164,1,HARD,3,p_ann_c4,0.31995245814323425,0.31995245814323425,0.15874174237251282,OTHER,push_HARD
73,1689,0,0,0.9707040786743164,1,HARD,4,p_svm_c0,0.310361385345459,0.310361385345459,0.9286957729252252,OTHER,push_HARD
73,1689,0,0,0.9707040786743164,1,HARD,5,p_ann_c1,-0.28278428316116333,0.28278428316116333,0.18756383657455444,OTHER,away_HARD
73,1689,0,0,0.9707040786743164,1,HARD,6,p_vse_compound_ann_c3,0.2167907953262329,0.2167907953262329,0.14221422374248505,OTHER,push_HARD
73,1688,1,0,0.756740391254425,0,HARD,1,race_track,1.2896456718444824,3.7893970012664795,Portuguese Grand Prix,G_track,push_HARD
73,1688,1,0,0.756740391254425,0,HARD,2,p_svm_c0,0.35133686661720276,0.35133686661720276,0.8180060977490696,OTHER,push_HARD
73,1688,1,0,0.756740391254425,0,HARD,3,p_ann_c3,0.2384374588727951,0.2384374588727951,0.15489816665649414,OTHER,push_HARD
73,1688,1,0,0.756740391254425,0,HARD,4,p_xgb_c0,0.21864385902881622,0.21864385902881622,0.6803199648857117,OTHER,push_HARD
73,1688,1,0,0.756740391254425,0,HARD,5,p_vse_compound_ann_c0,0.21635988354682922,0.21635988354682922,0.29820331931114197,OTHER,push_HARD
73,1688,1,0,0.756740391254425,0,HARD,6,p_ann_c1,-0.19188112020492554,0.19188112020492554,0.23450055718421936,OTHER,away_HARD
73,1694,1,0,0.756740391254425,0,HARD,1,race_track,1.2896456718444824,3.7893970012664795,Portuguese Grand Prix,G_track,push_HARD
73,1694,1,0,0.756740391254425,0,HARD,2,p_svm_c0,0.35133686661720276,0.35133686661720276,0.8180060977490696,OTHER,push_HARD
73,1694,1,0,0.756740391254425,0,HARD,3,p_ann_c3,0.2384374588727951,0.2384374588727951,0.15489816665649414,OTHER,push_HARD
73,1694,1,0,0.756740391254425,0,HARD,4,p_xgb_c0,0.21864385902881622,0.21864385902881622,0.6803199648857117,OTHER,push_HARD
73,1694,1,0,0.756740391254425,0,HARD,5,p_vse_compound_ann_c0,0.21635988354682922,0.21635988354682922,0.29820331931114197,OTHER,push_HARD
73,1694,1,0,0.756740391254425,0,HARD,6,p_ann_c1,-0.19188112020492554,0.19188112020492554,0.23450055718421936,OTHER,away_HARD
75,1760,0,0,0.9886229634284973,1,HARD,1,race_track,0.8992632031440735,3.641974687576294,Russian Grand Prix,G_track,push_HARD
75,1760,0,0,0.9886229634284973,1,HARD,2,p_xgb_c0,0.7232311964035034,0.7232311964035034,0.978863537311554,OTHER,push_HARD
75,1760,0,0,0.9886229634284973,1,HARD,3,race_progress,0.2928261458873749,0.2928261458873749,0.2641509433962264,G_race_phase,push_HARD
75,1760,0,0,0.9886229634284973,1,HARD,4,p_svm_c3,0.2410591095685959,0.2410591095685959,4.7655771588867794e-05,OTHER,push_HARD
75,1760,0,0,0.9886229634284973,1,HARD,5,p_svm_c0,0.23244152963161469,0.23244152963161469,0.9627086896350601,OTHER,push_HARD
75,1760,0,0,0.9886229634284973,1,HARD,6,p_rf_c0,0.18552158772945404,0.18552158772945404,0.8377182209585048,OTHER,push_HARD
75,1778,0,0,0.9847474098205566,1,HARD,1,race_track,0.9055117964744568,3.6600217819213867,Russian Grand Prix,G_track,push_HARD
75,1778,0,0,0.9847474098205566,1,HARD,2,p_xgb_c0,0.7252916097640991,0.7252916097640991,0.9698776006698608,OTHER,push_HARD
75,1778,0,0,0.9847474098205566,1,HARD,3,race_progress,0.29888585209846497,0.29888585209846497,0.2452830188679245,G_race_phase,push_HARD
75,1778,0,0,0.9847474098205566,1,HARD,4,p_svm_c0,0.2888510525226593,0.2888510525226593,0.9607493912439599,OTHER,push_HARD
75,1778,0,0,0.9847474098205566,1,HARD,5,p_rf_c0,0.19790369272232056,0.19790369272232056,0.8369618556411945,OTHER,push_HARD
75,1778,0,0,0.9847474098205566,1,HARD,6,p_svm_c1,0.18583329021930695,0.18583329021930695,0.0342649953722687,OTHER,push_HARD
75,1765,3,2,0.8982750177383423,0,SOFT,1,race_track,0.05576348304748535,4.802568435668945,Russian Grand Prix,G_track,push_SOFT
75,1765,3,2,0.8982750177383423,0,SOFT,2,race_progress,0.7297698855400085,0.7297698855400085,0.9433962264150944,G_race_phase,push_SOFT
75,1765,3,2,0.8982750177383423,0,SOFT,3,p_svm_c0,0.560070812702179,0.560070812702179,0.004207571231890813,OTHER,push_SOFT
75,1765,3,2,0.8982750177383423,0,SOFT,4,p_xgb_c2,0.4409951865673065,0.4409951865673065,0.8724257946014404,OTHER,push_SOFT
75,1765,3,2,0.8982750177383423,0,SOFT,5,p_svm_c2,0.391330361366272,0.391330361366272,0.7518250720851076,OTHER,push_SOFT
75,1765,3,2,0.8982750177383423,0,SOFT,6,p_xgb_c0,0.3066129982471466,0.3066129982471466,0.008795123547315598,OTHER,push_SOFT
75,1767,3,2,0.8982750177383423,0,SOFT,1,race_track,0.05576348304748535,4.802568435668945,Russian Grand Prix,G_track,push_SOFT
75,1767,3,2,0.8982750177383423,0,SOFT,2,race_progress,0.7297698855400085,0.7297698855400085,0.9433962264150944,G_race_phase,push_SOFT
75,1767,3,2,0.8982750177383423,0,SOFT,3,p_svm_c0,0.560070812702179,0.560070812702179,0.004207571231890813,OTHER,push_SOFT
75,1767,3,2,0.8982750177383423,0,SOFT,4,p_xgb_c2,0.4409951865673065,0.4409951865673065,0.8724257946014404,OTHER,push_SOFT
75,1767,3,2,0.8982750177383423,0,SOFT,5,p_svm_c2,0.391330361366272,0.391330361366272,0.7518250720851076,OTHER,push_SOFT
75,1767,3,2,0.8982750177383423,0,SOFT,6,p_xgb_c0,0.3066129982471466,0.3066129982471466,0.008795123547315598,OTHER,push_SOFT
