mode,model_kind,ablation_name,fold_id,n_test_seqs,threshold,PR_AUC,LogLoss,F1,Precision,Recall,TP,FP,FN,TN
seq,tcn_gru,baseline_full,0,19525,0.9600000000000001,0.7166634468883458,0.10979389036712903,0.6624605678233438,0.6923076923076923,0.6350806451612904,315,140,181,18889
seq,tcn_gru,drop_G_race_phase,0,19525,0.9,0.6622774033177277,0.11137084212029248,0.6225296442687747,0.6104651162790697,0.6350806451612904,315,201,181,18828
seq,tcn_gru,drop_G_race_control,0,19525,0.9500000000000001,0.7126622002192006,0.10969840239075224,0.689795918367347,0.6983471074380165,0.6814516129032258,338,146,158,18883
seq,tcn_gru,drop_G_track,0,19525,0.92,0.682947534544503,0.10920226157282935,0.6855941114616193,0.7164835164835165,0.657258064516129,326,129,170,18900
seq,tcn_gru,drop_G_tyre_state,0,19525,0.88,0.6924416095465794,0.10175415040683722,0.6478304742684158,0.6484848484848484,0.6471774193548387,321,174,175,18855
seq,tcn_gru,drop_G_strategy_history,0,19525,0.9400000000000001,0.7125787691041274,0.11048818961256174,0.6706349206349206,0.66015625,0.6814516129032258,338,174,158,18855
seq,tcn_gru,drop_G_pace,0,19525,0.8,0.22273331050410092,0.17294565090161826,0.30113141862489123,0.2649310872894334,0.3487903225806452,173,480,323,18549
seq,tcn_gru,drop_G_traffic_proximity,0,19525,0.93,0.7016587255691341,0.10595192756825356,0.6773162939297125,0.7178329571106095,0.6411290322580645,318,125,178,18904
seq,tcn_gru,drop_G_undercut_defence,0,19525,0.9500000000000001,0.6907698814459855,0.11089353647424902,0.6766275346851655,0.7188208616780045,0.6391129032258065,317,124,179,18905
seq,tcn_gru,drop_G_undercut_window,0,19525,0.92,0.6886969129088888,0.11958604522129798,0.6721649484536083,0.6877637130801688,0.657258064516129,326,148,170,18881
seq,tcn_gru,drop_G_weather,0,19525,0.9,0.6900096351196054,0.10079040218575236,0.6634241245136187,0.6409774436090225,0.6875,341,191,155,18838
seq,tcn_gru,drop_ENGINEERED_ALL,0,19525,0.9500000000000001,0.7203511394464862,0.126151846936421,0.698477157360406,0.7034764826175869,0.6935483870967742,344,145,152,18884
seq,tcn_gru,drop_UNDERCUT_PACK,0,19525,0.92,0.662556095814592,0.10853404652004768,0.6580921757770632,0.7025171624713958,0.6189516129032258,307,130,189,18899
seq,tcn_gru,drop_COL_fcy_status,0,19525,0.9500000000000001,0.7126622002192006,0.10969840239075224,0.689795918367347,0.6983471074380165,0.6814516129032258,338,146,158,18883
seq,tcn_gru,drop_COL_track_category,0,19525,0.9,0.6724742927009407,0.10897548978395738,0.6567164179104478,0.6483300589390962,0.6653225806451613,330,179,166,18850
seq,tcn_gru,drop_COL_tyre_change_pursuer,0,19525,0.88,0.6387142579722895,0.1069644877626044,0.6392961876832844,0.6204933586337761,0.6592741935483871,327,200,169,18829
seq,tcn_gru,drop_COL_close_ahead,0,19525,0.9500000000000001,0.6910510228189969,0.12460843410767143,0.6866310160427808,0.7312072892938497,0.6471774193548387,321,118,175,18911
seq,tcn_gru,drop_COL_gap_behind_s,0,19525,0.93,0.6943814560610045,0.118504603168604,0.6747474747474748,0.6761133603238867,0.6733870967741935,334,160,162,18869
seq,tcn_gru,drop_COL_n_cars_within_5s_ahead,0,19525,0.9500000000000001,0.6626877291448443,0.13531723843615595,0.6537678207739308,0.6604938271604939,0.6471774193548387,321,165,175,18864
seq,tcn_gru,drop_COL_tyre_age_diff_to_ahead,0,19525,0.9,0.7346166318148657,0.10209270953693525,0.6732477788746298,0.6595744680851063,0.6875,341,176,155,18853
seq,tcn_gru,drop_COL_rejoin_gap_ahead_est_s,0,19525,0.89,0.6945001547901634,0.10948117301225448,0.6713709677419355,0.6713709677419355,0.6713709677419355,333,163,163,18866
seq,tcn_gru,drop_COL_rejoin_gap_behind_est_s,0,19525,0.93,0.6745595095256787,0.10452879503376762,0.6618257261410788,0.6816239316239316,0.6431451612903226,319,149,177,18880
seq,tcn_gru,baseline_full,1,19449,0.9600000000000001,0.6074528320185767,0.1333732087487499,0.6254901960784314,0.6816239316239316,0.5778985507246377,319,149,233,18748
seq,tcn_gru,drop_G_race_phase,1,19449,0.91,0.5732615660042719,0.12585125311254783,0.5875706214689266,0.611764705882353,0.5652173913043478,312,198,240,18699
seq,tcn_gru,drop_G_race_control,1,19449,0.97,0.6426653952047828,0.1275919813113605,0.6327345309381237,0.7044444444444444,0.5742753623188406,317,133,235,18764
seq,tcn_gru,drop_G_track,1,19449,0.97,0.6137298501798737,0.13206355228701197,0.5939278937381404,0.6235059760956175,0.5670289855072463,313,189,239,18708
seq,tcn_gru,drop_G_tyre_state,1,19449,0.97,0.5935688579746294,0.15682790429732393,0.5814634146341463,0.6300211416490487,0.5398550724637681,298,175,254,18722
seq,tcn_gru,drop_G_strategy_history,1,19449,0.98,0.545163990800964,0.16941775602587764,0.5900990099009901,0.6506550218340611,0.5398550724637681,298,160,254,18737
seq,tcn_gru,drop_G_pace,1,19449,0.93,0.24121548171940313,0.3907321394813098,0.3027656477438137,0.25304136253041365,0.37681159420289856,208,614,344,18283
seq,tcn_gru,drop_G_traffic_proximity,1,19449,0.98,0.6701137271398355,0.155781642745868,0.6739780658025922,0.7494456762749445,0.6123188405797102,338,113,214,18784
seq,tcn_gru,drop_G_undercut_defence,1,19449,0.88,0.5656675522334831,0.13432451734831277,0.5981651376146789,0.6059479553903345,0.5905797101449275,326,212,226,18685
seq,tcn_gru,drop_G_undercut_window,1,19449,0.97,0.595566306013704,0.17886804330380013,0.6184971098265896,0.6604938271604939,0.5815217391304348,321,165,231,18732
seq,tcn_gru,drop_G_weather,1,19449,0.9400000000000001,0.6568441708923671,0.11652568038389148,0.6503428011753183,0.7078891257995735,0.6014492753623188,332,137,220,18760
seq,tcn_gru,drop_ENGINEERED_ALL,1,19449,0.9500000000000001,0.6164125448490014,0.15536276108924935,0.6370235934664247,0.6381818181818182,0.6358695652173914,351,199,201,18698
seq,tcn_gru,drop_UNDERCUT_PACK,1,19449,0.9400000000000001,0.6389076723111683,0.12324724153424607,0.6320754716981132,0.6594488188976378,0.6068840579710145,335,173,217,18724
seq,tcn_gru,drop_COL_fcy_status,1,19449,0.97,0.6426653952047828,0.1275919813113605,0.6327345309381237,0.7044444444444444,0.5742753623188406,317,133,235,18764
seq,tcn_gru,drop_COL_track_category,1,19449,0.9500000000000001,0.6092444559119311,0.14495166156024278,0.6403669724770642,0.6486988847583643,0.6322463768115942,349,189,203,18708
seq,tcn_gru,drop_COL_tyre_change_pursuer,1,19449,0.97,0.6388501897548198,0.14007233496356492,0.6435452793834296,0.6872427983539094,0.605072463768116,334,152,218,18745
seq,tcn_gru,drop_COL_close_ahead,1,19449,0.97,0.6157338407226837,0.15081748738005032,0.6102021174205967,0.6509240246406571,0.5742753623188406,317,170,235,18727
seq,tcn_gru,drop_COL_gap_behind_s,1,19449,0.9400000000000001,0.6113644675728308,0.13420385101477897,0.6188166828322017,0.6659707724425887,0.5778985507246377,319,160,233,18737
seq,tcn_gru,drop_COL_n_cars_within_5s_ahead,1,19449,0.97,0.6341268903277706,0.1347851567039799,0.6283987915407855,0.7074829931972789,0.5652173913043478,312,129,240,18768
seq,tcn_gru,drop_COL_tyre_age_diff_to_ahead,1,19449,0.9400000000000001,0.6055313766199703,0.12112303748353305,0.6226415094339622,0.6496062992125984,0.5978260869565217,330,178,222,18719
seq,tcn_gru,drop_COL_rejoin_gap_ahead_est_s,1,19449,0.9,0.5934772515648973,0.10489674590528866,0.625,0.6907894736842105,0.5706521739130435,315,141,237,18756
seq,tcn_gru,drop_COL_rejoin_gap_behind_est_s,1,19449,0.98,0.603650057763894,0.19745472703189715,0.6143410852713178,0.6604166666666667,0.5742753623188406,317,163,235,18734
seq,tcn_gru,baseline_full,2,19527,0.9,0.6743727548712481,0.09385483221590452,0.6442687747035574,0.628131021194605,0.6612576064908722,326,193,167,18841
seq,tcn_gru,drop_G_race_phase,2,19527,0.93,0.6365342568709255,0.13660640866507395,0.6070409134157945,0.5716845878136201,0.6470588235294118,319,239,174,18795
seq,tcn_gru,drop_G_race_control,2,19527,0.9500000000000001,0.6594602026532287,0.11901955272273525,0.627254509018036,0.6198019801980198,0.6348884381338742,313,192,180,18842
seq,tcn_gru,drop_G_track,2,19527,0.93,0.625450421333003,0.10544739512711955,0.64576802507837,0.665948275862069,0.6267748478701826,309,155,184,18879
seq,tcn_gru,drop_G_tyre_state,2,19527,0.93,0.6292015029105986,0.1324569735236073,0.6318897637795275,0.6137667304015296,0.6511156186612576,321,202,172,18832
seq,tcn_gru,drop_G_strategy_history,2,19527,0.9,0.6218554363905282,0.10503956567565165,0.6121635094715853,0.6019607843137255,0.6227180527383367,307,203,186,18831
seq,tcn_gru,drop_G_pace,2,19527,0.91,0.25603838329728523,0.2016897065582883,0.3183453237410072,0.2859450726978998,0.359026369168357,177,442,316,18592
seq,tcn_gru,drop_G_traffic_proximity,2,19527,0.85,0.7347032577420749,0.08146335741359488,0.6723973256924546,0.6353790613718412,0.7139959432048681,352,202,141,18832
seq,tcn_gru,drop_G_undercut_defence,2,19527,0.93,0.6588499674232374,0.10014631573060116,0.6351490236382322,0.64375,0.6267748478701826,309,171,184,18863
seq,tcn_gru,drop_G_undercut_window,2,19527,0.93,0.6388579649722063,0.12826594935249572,0.6171648987463838,0.5882352941176471,0.6490872210953347,320,224,173,18810
seq,tcn_gru,drop_G_weather,2,19527,0.9500000000000001,0.6571198308471657,0.10154968443078397,0.6477987421383647,0.6702819956616052,0.6267748478701826,309,152,184,18882
seq,tcn_gru,drop_ENGINEERED_ALL,2,19527,0.9,0.6789588840966536,0.09879406133110276,0.6403162055335968,0.6242774566473989,0.6572008113590264,324,195,169,18839
seq,tcn_gru,drop_UNDERCUT_PACK,2,19527,0.92,0.7144432919163975,0.1011349071938418,0.641399416909621,0.6156716417910447,0.6693711967545639,330,206,163,18828
seq,tcn_gru,drop_COL_fcy_status,2,19527,0.9500000000000001,0.6594602026532287,0.11901955272273525,0.627254509018036,0.6198019801980198,0.6348884381338742,313,192,180,18842
seq,tcn_gru,drop_COL_track_category,2,19527,0.9,0.6612695512694813,0.09392426538530883,0.6425073457394711,0.6212121212121212,0.665314401622718,328,200,165,18834
seq,tcn_gru,drop_COL_tyre_change_pursuer,2,19527,0.85,0.6478165762606377,0.09492735307374783,0.6135693215339233,0.5954198473282443,0.6328600405679513,312,212,181,18822
seq,tcn_gru,drop_COL_close_ahead,2,19527,0.92,0.6813033608103979,0.09568613976532672,0.646061814556331,0.6352941176470588,0.6572008113590264,324,186,169,18848
seq,tcn_gru,drop_COL_gap_behind_s,2,19527,0.91,0.667786475993199,0.1106288459718881,0.6466466466466466,0.6383399209486166,0.6551724137931034,323,183,170,18851
seq,tcn_gru,drop_COL_n_cars_within_5s_ahead,2,19527,0.9,0.6941039805871398,0.0857976771657364,0.647887323943662,0.6427145708582834,0.6531440162271805,322,179,171,18855
seq,tcn_gru,drop_COL_tyre_age_diff_to_ahead,2,19527,0.93,0.6528971672623185,0.11435925768808274,0.6347746090156394,0.5808080808080808,0.6997971602434077,345,249,148,18785
seq,tcn_gru,drop_COL_rejoin_gap_ahead_est_s,2,19527,0.93,0.6413242183037499,0.12212739970996393,0.6016427104722792,0.6091476091476091,0.5943204868154158,293,188,200,18846
seq,tcn_gru,drop_COL_rejoin_gap_behind_est_s,2,19527,0.88,0.6929972866718482,0.0845452377084033,0.6594274432379073,0.6423076923076924,0.6774847870182555,334,186,159,18848
seq,tcn_gru,baseline_full,3,19436,0.9400000000000001,0.687947322512435,0.15701822368198623,0.6555863342566943,0.5986509274873525,0.7244897959183674,355,238,135,18708
seq,tcn_gru,drop_G_race_phase,3,19436,0.8400000000000001,0.5940840200760392,0.15560589808815223,0.5329249617151608,0.4264705882352941,0.710204081632653,348,468,142,18478
seq,tcn_gru,drop_G_race_control,3,19436,0.91,0.7079030587478596,0.12947487959100035,0.6614785992217899,0.6319702602230484,0.6938775510204082,340,198,150,18748
seq,tcn_gru,drop_G_track,3,19436,0.89,0.716594345921303,0.09755426502026823,0.6812045690550363,0.693446088794926,0.6693877551020408,328,145,162,18801
seq,tcn_gru,drop_G_tyre_state,3,19436,0.9,0.6717271601871945,0.1194629548548035,0.6460905349794238,0.6514522821576764,0.6408163265306123,314,168,176,18778
seq,tcn_gru,drop_G_strategy_history,3,19436,0.9400000000000001,0.6844211676877704,0.16569930402454883,0.6351851851851852,0.5813559322033899,0.7,343,247,147,18699
seq,tcn_gru,drop_G_pace,3,19436,0.92,0.26052100359197117,0.2607523024630323,0.29704510108864696,0.2399497487437186,0.38979591836734695,191,605,299,18341
seq,tcn_gru,drop_G_traffic_proximity,3,19436,0.97,0.6939885755588698,0.18892678848824102,0.6742738589211619,0.6856540084388185,0.6632653061224489,325,149,165,18797
seq,tcn_gru,drop_G_undercut_defence,3,19436,0.93,0.7360395617513616,0.11594924078425428,0.7136929460580913,0.7257383966244726,0.7020408163265306,344,130,146,18816
seq,tcn_gru,drop_G_undercut_window,3,19436,0.9,0.7287169212372511,0.13139796857200375,0.674928503336511,0.6332737030411449,0.7224489795918367,354,205,136,18741
seq,tcn_gru,drop_G_weather,3,19436,0.92,0.6581780727486871,0.1588669334072533,0.6415094339622641,0.5964912280701754,0.6938775510204082,340,230,150,18716
seq,tcn_gru,drop_ENGINEERED_ALL,3,19436,0.85,0.6819732000249162,0.09726974532421336,0.6511627906976745,0.6199261992619927,0.6857142857142857,336,206,154,18740
seq,tcn_gru,drop_UNDERCUT_PACK,3,19436,0.9600000000000001,0.789428373527605,0.12665515619620452,0.7360970677451971,0.7294589178356713,0.7428571428571429,364,135,126,18811
seq,tcn_gru,drop_COL_fcy_status,3,19436,0.91,0.7079030587478596,0.12947487959100035,0.6614785992217899,0.6319702602230484,0.6938775510204082,340,198,150,18748
seq,tcn_gru,drop_COL_track_category,3,19436,0.9500000000000001,0.6516213320726946,0.13898334840652982,0.6373850868232891,0.6380368098159509,0.636734693877551,312,177,178,18769
seq,tcn_gru,drop_COL_tyre_change_pursuer,3,19436,0.9400000000000001,0.7285057273328543,0.12665422111434788,0.7288135593220338,0.7577092511013216,0.7020408163265306,344,110,146,18836
seq,tcn_gru,drop_COL_close_ahead,3,19436,0.89,0.7110338351507028,0.09764628829141747,0.6815101645692159,0.6482504604051565,0.7183673469387755,352,191,138,18755
seq,tcn_gru,drop_COL_gap_behind_s,3,19436,0.91,0.6161496323230364,0.1818965573389365,0.6201117318435754,0.5702054794520548,0.6795918367346939,333,251,157,18695
seq,tcn_gru,drop_COL_n_cars_within_5s_ahead,3,19436,0.9,0.7022308704936823,0.12054854864317409,0.610079575596817,0.5382215288611545,0.7040816326530612,345,296,145,18650
seq,tcn_gru,drop_COL_tyre_age_diff_to_ahead,3,19436,0.9,0.6913461855751566,0.12493839822016665,0.6493023255813953,0.5965811965811966,0.7122448979591837,349,236,141,18710
seq,tcn_gru,drop_COL_rejoin_gap_ahead_est_s,3,19436,0.92,0.7240420678489928,0.12706732793959954,0.6354810238305384,0.5598755832037325,0.7346938775510204,360,283,130,18663
seq,tcn_gru,drop_COL_rejoin_gap_behind_est_s,3,19436,0.89,0.6265084046783159,0.1486497611662071,0.599644128113879,0.5315457413249212,0.6877551020408164,337,297,153,18649
seq,tcn_gru,baseline_full,4,19504,0.93,0.6007323152900642,0.12010007242879478,0.5696969696969697,0.6351351351351351,0.5164835164835165,282,162,264,18796
seq,tcn_gru,drop_G_race_phase,4,19504,0.85,0.6519421404547763,0.1155459554590671,0.5994919559695173,0.5574803149606299,0.6483516483516484,354,281,192,18677
seq,tcn_gru,drop_G_race_control,4,19504,0.91,0.6620789351796751,0.0956793844769355,0.6251236399604352,0.6795698924731183,0.5787545787545788,316,149,230,18809
seq,tcn_gru,drop_G_track,4,19504,0.91,0.5934982843828117,0.10809360622292433,0.593654042988741,0.6728538283062645,0.5311355311355311,290,141,256,18817
seq,tcn_gru,drop_G_tyre_state,4,19504,0.93,0.6629474497085975,0.09651768571321549,0.5971370143149284,0.6759259259259259,0.5347985347985348,292,140,254,18818
seq,tcn_gru,drop_G_strategy_history,4,19504,0.9600000000000001,0.6502182895580656,0.1065506993002997,0.6198019801980198,0.6745689655172413,0.5732600732600732,313,151,233,18807
seq,tcn_gru,drop_G_pace,4,19504,0.92,0.210569307359413,0.3526544975888123,0.24613117170228446,0.2059186189889026,0.3058608058608059,167,644,379,18314
seq,tcn_gru,drop_G_traffic_proximity,4,19504,0.87,0.6659110198343628,0.09187478792651183,0.6351606805293005,0.65625,0.6153846153846154,336,176,210,18782
seq,tcn_gru,drop_G_undercut_defence,4,19504,0.86,0.6289525480280611,0.09353607843500392,0.6175908221797323,0.646,0.5915750915750916,323,177,223,18781
seq,tcn_gru,drop_G_undercut_window,4,19504,0.97,0.6565731160468327,0.12458923828706543,0.6192893401015228,0.6947608200455581,0.5586080586080586,305,134,241,18824
seq,tcn_gru,drop_G_weather,4,19504,0.91,0.6713822870089369,0.08892073698899841,0.6231742940603701,0.6652806652806653,0.5860805860805861,320,161,226,18797
seq,tcn_gru,drop_ENGINEERED_ALL,4,19504,0.8300000000000001,0.6276078532803258,0.11072298624430593,0.6108374384236454,0.6609808102345416,0.5677655677655677,310,159,236,18799
seq,tcn_gru,drop_UNDERCUT_PACK,4,19504,0.89,0.6460885252024269,0.09063227780148964,0.6302439024390244,0.6743215031315241,0.5915750915750916,323,156,223,18802
seq,tcn_gru,drop_COL_fcy_status,4,19504,0.91,0.6620789351796751,0.0956793844769355,0.6251236399604352,0.6795698924731183,0.5787545787545788,316,149,230,18809
seq,tcn_gru,drop_COL_track_category,4,19504,0.91,0.6253792049284129,0.10032779167209968,0.5734265734265734,0.6307692307692307,0.5256410256410257,287,168,259,18790
seq,tcn_gru,drop_COL_tyre_change_pursuer,4,19504,0.93,0.5909429792550961,0.09585130900907024,0.5792811839323467,0.685,0.5018315018315018,274,126,272,18832
seq,tcn_gru,drop_COL_close_ahead,4,19504,0.9400000000000001,0.6355092269304139,0.12512389230514998,0.6110572259941804,0.6494845360824743,0.5769230769230769,315,170,231,18788
seq,tcn_gru,drop_COL_gap_behind_s,4,19504,0.9600000000000001,0.6363877617934217,0.11601197514178893,0.5989417989417989,0.7092731829573935,0.5183150183150184,283,116,263,18842
seq,tcn_gru,drop_COL_n_cars_within_5s_ahead,4,19504,0.93,0.6497930434256068,0.1095060359169984,0.626953125,0.6715481171548117,0.5879120879120879,321,157,225,18801
seq,tcn_gru,drop_COL_tyre_age_diff_to_ahead,4,19504,0.9600000000000001,0.6591556081470777,0.1239912066028665,0.6310583580613254,0.6860215053763441,0.5842490842490843,319,146,227,18812
seq,tcn_gru,drop_COL_rejoin_gap_ahead_est_s,4,19504,0.97,0.6453423177643103,0.11633502908897493,0.6020833333333333,0.6980676328502415,0.5293040293040293,289,125,257,18833
seq,tcn_gru,drop_COL_rejoin_gap_behind_est_s,4,19504,0.91,0.6644272444634987,0.0805935549401009,0.6343975283213182,0.7247058823529412,0.5641025641025641,308,117,238,18841
