slice_col,slice_value,rank_group,ablation_name,delta_PR_AUC_vs_ref
slice_fcy,GREEN,BEST,stream_tcn_proba,0.0
slice_fcy,GREEN,BEST,stream_p_xgb,-0.2097130690092947
slice_fcy,GREEN,BEST,stream_p_rf,-0.3576528160422619
slice_fcy,GREEN,WORST,stream_p_rf,-0.3576528160422619
slice_fcy,GREEN,WORST,stream_p_svm,-0.36891202401352224
slice_fcy,GREEN,WORST,stream_p_ann,-0.5324509038067484
slice_phase_x_traffic,early×CLEAN_AIR,BEST,stream_tcn_proba,0.0
slice_phase_x_traffic,early×CLEAN_AIR,BEST,stream_p_xgb,-0.20440902023977303
slice_phase_x_traffic,early×CLEAN_AIR,BEST,stream_p_rf,-0.3170500981671085
slice_phase_x_traffic,early×CLEAN_AIR,WORST,stream_p_rf,-0.3170500981671085
slice_phase_x_traffic,early×CLEAN_AIR,WORST,stream_p_svm,-0.3727351417150426
slice_phase_x_traffic,early×CLEAN_AIR,WORST,stream_p_ann,-0.5049635015103685
slice_phase_x_traffic,late×CLEAN_AIR,BEST,stream_tcn_proba,0.0
slice_phase_x_traffic,late×CLEAN_AIR,BEST,stream_p_xgb,-0.1520415652060943
slice_phase_x_traffic,late×CLEAN_AIR,BEST,stream_p_rf,-0.26334217262031
slice_phase_x_traffic,late×CLEAN_AIR,WORST,stream_p_rf,-0.26334217262031
slice_phase_x_traffic,late×CLEAN_AIR,WORST,stream_p_svm,-0.2639414232485768
slice_phase_x_traffic,late×CLEAN_AIR,WORST,stream_p_ann,-0.37771327571782976
slice_phase_x_traffic,mid×CLEAN_AIR,BEST,stream_tcn_proba,0.0
slice_phase_x_traffic,mid×CLEAN_AIR,BEST,stream_p_xgb,-0.21754704525230478
slice_phase_x_traffic,mid×CLEAN_AIR,BEST,stream_p_svm,-0.37771378821373985
slice_phase_x_traffic,mid×CLEAN_AIR,WORST,stream_p_svm,-0.37771378821373985
slice_phase_x_traffic,mid×CLEAN_AIR,WORST,stream_p_rf,-0.4161175737999314
slice_phase_x_traffic,mid×CLEAN_AIR,WORST,stream_p_ann,-0.6105561390047124
slice_phase_x_tyre,early×6_15,BEST,stream_tcn_proba,0.0
slice_phase_x_tyre,early×6_15,BEST,stream_p_xgb,-0.1824611528144628
slice_phase_x_tyre,early×6_15,BEST,stream_p_rf,-0.31424038792701
slice_phase_x_tyre,early×6_15,WORST,stream_p_rf,-0.31424038792701
slice_phase_x_tyre,early×6_15,WORST,stream_p_svm,-0.3948003257826369
slice_phase_x_tyre,early×6_15,WORST,stream_p_ann,-0.4644988240813057
slice_phase_x_tyre,late×16_plus,BEST,stream_tcn_proba,0.0
slice_phase_x_tyre,late×16_plus,BEST,stream_p_xgb,-0.1597376783195748
slice_phase_x_tyre,late×16_plus,BEST,stream_p_svm,-0.28667213445985407
slice_phase_x_tyre,late×16_plus,WORST,stream_p_svm,-0.28667213445985407
slice_phase_x_tyre,late×16_plus,WORST,stream_p_rf,-0.2921750259290011
slice_phase_x_tyre,late×16_plus,WORST,stream_p_ann,-0.4478386960576952
slice_phase_x_tyre,mid×16_plus,BEST,stream_tcn_proba,0.0
slice_phase_x_tyre,mid×16_plus,BEST,stream_p_xgb,-0.22104452161134036
slice_phase_x_tyre,mid×16_plus,BEST,stream_p_svm,-0.37426211672533877
slice_phase_x_tyre,mid×16_plus,WORST,stream_p_svm,-0.37426211672533877
slice_phase_x_tyre,mid×16_plus,WORST,stream_p_rf,-0.4300858777367081
slice_phase_x_tyre,mid×16_plus,WORST,stream_p_ann,-0.6435345383889297
slice_pitstops,0,BEST,stream_tcn_proba,0.0
slice_pitstops,0,BEST,stream_p_xgb,-0.23276465803968882
slice_pitstops,0,BEST,stream_p_rf,-0.39417137311501255
slice_pitstops,0,WORST,stream_p_rf,-0.39417137311501255
slice_pitstops,0,WORST,stream_p_svm,-0.4001405467815831
slice_pitstops,0,WORST,stream_p_ann,-0.641567502426481
slice_pitstops,1_plus,BEST,stream_tcn_proba,0.0
slice_pitstops,1_plus,BEST,stream_p_xgb,-0.1543171791479131
slice_pitstops,1_plus,BEST,stream_p_svm,-0.3006727310826708
slice_pitstops,1_plus,WORST,stream_p_svm,-0.3006727310826708
slice_pitstops,1_plus,WORST,stream_p_rf,-0.30904310847044497
slice_pitstops,1_plus,WORST,stream_p_ann,-0.380895661832986
slice_race_phase,early,BEST,stream_tcn_proba,0.0
slice_race_phase,early,BEST,stream_p_xgb,-0.20648602556429496
slice_race_phase,early,BEST,stream_p_rf,-0.3228198957403958
slice_race_phase,early,WORST,stream_p_rf,-0.3228198957403958
slice_race_phase,early,WORST,stream_p_svm,-0.38199354314056977
slice_race_phase,early,WORST,stream_p_ann,-0.5128512786693982
slice_race_phase,late,BEST,stream_tcn_proba,0.0
slice_race_phase,late,BEST,stream_p_xgb,-0.13815652052582145
slice_race_phase,late,BEST,stream_p_rf,-0.2459674632205618
slice_race_phase,late,WORST,stream_p_rf,-0.2459674632205618
slice_race_phase,late,WORST,stream_p_svm,-0.2518437278161844
slice_race_phase,late,WORST,stream_p_ann,-0.36199540774751615
slice_race_phase,mid,BEST,stream_tcn_proba,0.0
slice_race_phase,mid,BEST,stream_p_xgb,-0.2140248798453303
slice_race_phase,mid,BEST,stream_p_svm,-0.3697244496999399
slice_race_phase,mid,WORST,stream_p_svm,-0.3697244496999399
slice_race_phase,mid,WORST,stream_p_rf,-0.4075520216378531
slice_race_phase,mid,WORST,stream_p_ann,-0.6093315903439117
slice_track_cat,1,BEST,stream_tcn_proba,0.0
slice_track_cat,1,BEST,stream_p_xgb,-0.24165862494584256
slice_track_cat,1,BEST,stream_p_rf,-0.3820559471812546
slice_track_cat,1,WORST,stream_p_rf,-0.3820559471812546
slice_track_cat,1,WORST,stream_p_svm,-0.3883037475409158
slice_track_cat,1,WORST,stream_p_ann,-0.6101240948002531
slice_track_cat,2,BEST,stream_tcn_proba,0.0
slice_track_cat,2,BEST,stream_p_xgb,-0.11816742886554632
slice_track_cat,2,BEST,stream_p_rf,-0.2779045987737921
slice_track_cat,2,WORST,stream_p_rf,-0.2779045987737921
slice_track_cat,2,WORST,stream_p_svm,-0.3236554049441098
slice_track_cat,2,WORST,stream_p_ann,-0.4426560828544306
slice_track_cat,3,BEST,stream_tcn_proba,0.0
slice_track_cat,3,BEST,stream_p_xgb,-0.21413809882003487
slice_track_cat,3,BEST,stream_p_svm,-0.36247263210328606
slice_track_cat,3,WORST,stream_p_svm,-0.36247263210328606
slice_track_cat,3,WORST,stream_p_rf,-0.3706955454256503
slice_track_cat,3,WORST,stream_p_ann,-0.5555946379069763
slice_traffic,CLEAN_AIR,BEST,stream_tcn_proba,0.0
slice_traffic,CLEAN_AIR,BEST,stream_p_xgb,-0.21570685593370525
slice_traffic,CLEAN_AIR,BEST,stream_p_rf,-0.3623483592539115
slice_traffic,CLEAN_AIR,WORST,stream_p_rf,-0.3623483592539115
slice_traffic,CLEAN_AIR,WORST,stream_p_svm,-0.37161682541600954
slice_traffic,CLEAN_AIR,WORST,stream_p_ann,-0.5313033049673658
slice_traffic,IN_TRAFFIC,BEST,stream_tcn_proba,0.0
slice_traffic,IN_TRAFFIC,BEST,stream_p_xgb,-0.187000045297185
slice_traffic,IN_TRAFFIC,BEST,stream_p_rf,-0.3296324610768796
slice_traffic,IN_TRAFFIC,WORST,stream_p_rf,-0.3296324610768796
slice_traffic,IN_TRAFFIC,WORST,stream_p_svm,-0.3417774842671405
slice_traffic,IN_TRAFFIC,WORST,stream_p_ann,-0.5339463795244299
slice_traffic_x_undercut,CLEAN_AIR×NO_PRESSURE,BEST,stream_tcn_proba,0.0
slice_traffic_x_undercut,CLEAN_AIR×NO_PRESSURE,BEST,stream_p_xgb,-0.22006340193150897
slice_traffic_x_undercut,CLEAN_AIR×NO_PRESSURE,BEST,stream_p_rf,-0.36757290589947933
slice_traffic_x_undercut,CLEAN_AIR×NO_PRESSURE,WORST,stream_p_rf,-0.36757290589947933
slice_traffic_x_undercut,CLEAN_AIR×NO_PRESSURE,WORST,stream_p_svm,-0.37967274705847565
slice_traffic_x_undercut,CLEAN_AIR×NO_PRESSURE,WORST,stream_p_ann,-0.5277482486960463
slice_traffic_x_undercut,IN_TRAFFIC×NO_PRESSURE,BEST,stream_tcn_proba,0.0
slice_traffic_x_undercut,IN_TRAFFIC×NO_PRESSURE,BEST,stream_p_xgb,-0.19724363208229595
slice_traffic_x_undercut,IN_TRAFFIC×NO_PRESSURE,BEST,stream_p_rf,-0.3304547413073052
slice_traffic_x_undercut,IN_TRAFFIC×NO_PRESSURE,WORST,stream_p_rf,-0.3304547413073052
slice_traffic_x_undercut,IN_TRAFFIC×NO_PRESSURE,WORST,stream_p_svm,-0.34370918205794815
slice_traffic_x_undercut,IN_TRAFFIC×NO_PRESSURE,WORST,stream_p_ann,-0.5335041585540947
slice_tyre_age_bin,0_5,BEST,stream_p_xgb,0.05666444434288162
slice_tyre_age_bin,0_5,BEST,stream_p_rf,0.02421280135333395
slice_tyre_age_bin,0_5,BEST,stream_tcn_proba,0.0
slice_tyre_age_bin,0_5,WORST,stream_tcn_proba,0.0
slice_tyre_age_bin,0_5,WORST,stream_p_svm,-0.007971810821737285
slice_tyre_age_bin,0_5,WORST,stream_p_ann,-0.044645689310332456
slice_tyre_age_bin,16_plus,BEST,stream_tcn_proba,0.0
slice_tyre_age_bin,16_plus,BEST,stream_p_xgb,-0.2403138254707749
slice_tyre_age_bin,16_plus,BEST,stream_p_svm,-0.39714987157900417
slice_tyre_age_bin,16_plus,WORST,stream_p_svm,-0.39714987157900417
slice_tyre_age_bin,16_plus,WORST,stream_p_rf,-0.41597967785837453
slice_tyre_age_bin,16_plus,WORST,stream_p_ann,-0.6225055711659709
slice_tyre_age_bin,6_15,BEST,stream_tcn_proba,0.0
slice_tyre_age_bin,6_15,BEST,stream_p_xgb,-0.1684651746555279
slice_tyre_age_bin,6_15,BEST,stream_p_rf,-0.2831318705553816
slice_tyre_age_bin,6_15,WORST,stream_p_rf,-0.2831318705553816
slice_tyre_age_bin,6_15,WORST,stream_p_svm,-0.3332709345033387
slice_tyre_age_bin,6_15,WORST,stream_p_ann,-0.3773159327415565
slice_undercut_pressure,NO_PRESSURE,BEST,stream_tcn_proba,0.0
slice_undercut_pressure,NO_PRESSURE,BEST,stream_p_xgb,-0.21525037749301623
slice_undercut_pressure,NO_PRESSURE,BEST,stream_p_rf,-0.36191066824662094
slice_undercut_pressure,NO_PRESSURE,WORST,stream_p_rf,-0.36191066824662094
slice_undercut_pressure,NO_PRESSURE,WORST,stream_p_svm,-0.3757848077505584
slice_undercut_pressure,NO_PRESSURE,WORST,stream_p_ann,-0.5293862588973525
slice_wetness,DRY,BEST,stream_tcn_proba,0.0
slice_wetness,DRY,BEST,stream_p_xgb,-0.20584646362177283
slice_wetness,DRY,BEST,stream_p_rf,-0.3694274670200876
slice_wetness,DRY,WORST,stream_p_rf,-0.3694274670200876
slice_wetness,DRY,WORST,stream_p_svm,-0.38251106526119766
slice_wetness,DRY,WORST,stream_p_ann,-0.5584417951412913
slice_wetness,POST_RAIN,BEST,stream_tcn_proba,0.0
slice_wetness,POST_RAIN,BEST,stream_p_xgb,-0.09636266949458694
slice_wetness,POST_RAIN,BEST,stream_p_svm,-0.15764716246687704
slice_wetness,POST_RAIN,WORST,stream_p_svm,-0.15764716246687704
slice_wetness,POST_RAIN,WORST,stream_p_rf,-0.25319901789138
slice_wetness,POST_RAIN,WORST,stream_p_ann,-0.37998841251147947
slice_wetness_x_fcy,DRY×GREEN,BEST,stream_tcn_proba,0.0
slice_wetness_x_fcy,DRY×GREEN,BEST,stream_p_xgb,-0.20584646362177283
slice_wetness_x_fcy,DRY×GREEN,BEST,stream_p_rf,-0.3694274670200876
slice_wetness_x_fcy,DRY×GREEN,WORST,stream_p_rf,-0.3694274670200876
slice_wetness_x_fcy,DRY×GREEN,WORST,stream_p_svm,-0.38251106526119766
slice_wetness_x_fcy,DRY×GREEN,WORST,stream_p_ann,-0.5584417951412913
slice_wetness_x_fcy,POST_RAIN×GREEN,BEST,stream_tcn_proba,0.0
slice_wetness_x_fcy,POST_RAIN×GREEN,BEST,stream_p_xgb,-0.09636266949458694
slice_wetness_x_fcy,POST_RAIN×GREEN,BEST,stream_p_svm,-0.15764716246687704
slice_wetness_x_fcy,POST_RAIN×GREEN,WORST,stream_p_svm,-0.15764716246687704
slice_wetness_x_fcy,POST_RAIN×GREEN,WORST,stream_p_rf,-0.25319901789138
slice_wetness_x_fcy,POST_RAIN×GREEN,WORST,stream_p_ann,-0.37998841251147947
