slice_col,slice_value,ablation_name,mean_PR_AUC,std_PR_AUC,mean_LogLoss,std_LogLoss,mean_F1,std_F1,mean_Precision,mean_Recall,mean_n_rows,mean_n_pos,mean_pos_rate,ref_PR_AUC,ref_LogLoss,ref_F1,delta_PR_AUC_vs_ref,delta_LogLoss_vs_ref,delta_F1_vs_ref
slice_fcy,GREEN,stream_p_ann,0.07364575760423284,0.01091225264068007,0.30291718305047577,0.11037965027292003,0.10633913296814286,0.014919984867887802,0.11655003568156105,0.2004607426945698,19424.8,553.4,0.028490855085948896,0.6060966614109813,0.1367699438807553,0.6190055632210718,-0.5324509038067484,0.16614723916972046,-0.5126664302529289
slice_fcy,GREEN,stream_p_rf,0.24844384536871938,0.04450263746066781,0.1011738882610691,0.008595194223664627,0.2772860364840682,0.03106123830184451,0.23585420305238514,0.35886866933206035,19424.8,553.4,0.028490855085948896,0.6060966614109813,0.1367699438807553,0.6190055632210718,-0.3576528160422619,-0.03559605561968621,-0.3417195267370036
slice_fcy,GREEN,stream_p_svm,0.23718463739745904,0.0476481579520446,0.19853737590595588,0.0656457600567962,0.31238426048879697,0.033907296197156704,0.2470157699669439,0.43125412069307634,19424.8,553.4,0.028490855085948896,0.6060966614109813,0.1367699438807553,0.6190055632210718,-0.36891202401352224,0.061767432025200575,-0.30662130273227484
slice_fcy,GREEN,stream_p_xgb,0.3963835924016866,0.06670257712341372,0.08952910582299038,0.012878334782170837,0.4342426087532399,0.06195488619407627,0.40024992456654107,0.4979508282851547,19424.8,553.4,0.028490855085948896,0.6060966614109813,0.1367699438807553,0.6190055632210718,-0.2097130690092947,-0.047240838057764925,-0.18476295446783192
slice_fcy,GREEN,stream_tcn_proba,0.6060966614109813,0.049076052275604846,0.1367699438807553,0.03407381413732353,0.6190055632210718,0.029071331616462824,0.7030078328137088,0.5563375730104982,19424.8,553.4,0.028490855085948896,0.6060966614109813,0.1367699438807553,0.6190055632210718,0.0,0.0,0.0
slice_phase_x_traffic,early×CLEAN_AIR,stream_p_ann,0.09115561342952914,0.03689064889757827,0.37917279555690636,0.15730310763966004,0.11618772176347199,0.03495785002704416,0.10921852583252326,0.25274138904573684,4708.6,159.2,0.03382761868809076,0.5961191149398977,0.1642843148675897,0.5790974746437498,-0.5049635015103685,0.21488848068931665,-0.46290975288027786
slice_phase_x_traffic,early×CLEAN_AIR,stream_p_rf,0.27906901677278917,0.0917773832710937,0.11605214346702084,0.012421848995858353,0.28680520855319,0.06737708390580789,0.329236795143885,0.3107262845849802,4708.6,159.2,0.03382761868809076,0.5961191149398977,0.1642843148675897,0.5790974746437498,-0.3170500981671085,-0.048232171400568874,-0.2922922660905598
slice_phase_x_traffic,early×CLEAN_AIR,stream_p_svm,0.2233839732248551,0.0595300307128687,0.24573971437474113,0.16264173882326496,0.3033896737315308,0.027658817263611583,0.2893069442768642,0.3490542066629023,4708.6,159.2,0.03382761868809076,0.5961191149398977,0.1642843148675897,0.5790974746437498,-0.3727351417150426,0.08145539950715142,-0.275707800912219
slice_phase_x_traffic,early×CLEAN_AIR,stream_p_xgb,0.39171009470012463,0.08873982814943045,0.10689375285161337,0.020791027155401792,0.3997748109638321,0.0713081763373759,0.41215141990382465,0.4226263410502541,4708.6,159.2,0.03382761868809076,0.5961191149398977,0.1642843148675897,0.5790974746437498,-0.20440902023977303,-0.05739056201597634,-0.17932266367991773
slice_phase_x_traffic,early×CLEAN_AIR,stream_tcn_proba,0.5961191149398977,0.07032770532827809,0.1642843148675897,0.030919072734438648,0.5790974746437498,0.05686418970871302,0.6862531198030515,0.5121887351778656,4708.6,159.2,0.03382761868809076,0.5961191149398977,0.1642843148675897,0.5790974746437498,0.0,0.0,0.0
slice_phase_x_traffic,early×IN_TRAFFIC,stream_p_ann,0.050323413593309566,0.03247906211224843,0.3610367849360042,0.15050979434816164,0.05922240689770307,0.05201061128283398,0.09418373962408955,0.15457867713681667,1661.2,40.0,0.02399603411373123,0.5761088529987954,0.13034587456120644,0.5963010103621389,-0.5257854394054858,0.23069091037479778,-0.5370786034644358
slice_phase_x_traffic,early×IN_TRAFFIC,stream_p_rf,0.2562921162397295,0.08950515269957972,0.089988544745214,0.00765929483212796,0.21629755590465405,0.09068640884684309,0.2854407315530911,0.2205082256245047,1661.2,40.0,0.02399603411373123,0.5761088529987954,0.13034587456120644,0.5963010103621389,-0.31981673675906597,-0.04035732981599244,-0.38000345445748485
slice_phase_x_traffic,early×IN_TRAFFIC,stream_p_svm,0.19190858100359365,0.07733535673553153,0.154206662218278,0.08825503268572472,0.22265713122855982,0.06151213096438513,0.2450017006166739,0.26638064777599657,1661.2,40.0,0.02399603411373123,0.5761088529987954,0.13034587456120644,0.5963010103621389,-0.3842002719952018,0.023860787657071558,-0.3736438791335791
slice_phase_x_traffic,early×IN_TRAFFIC,stream_p_xgb,0.3843306516328588,0.16610237230114575,0.08052259290230276,0.015515132037314583,0.4090715776176289,0.12839744801646635,0.4387266235085784,0.4327267048197281,1661.2,40.0,0.02399603411373123,0.5761088529987954,0.13034587456120644,0.5963010103621389,-0.19177820136593665,-0.04982328165890368,-0.18722943274450998
slice_phase_x_traffic,early×IN_TRAFFIC,stream_tcn_proba,0.5761088529987954,0.09931564912490098,0.13034587456120644,0.030430849402000873,0.5963010103621389,0.094868056113247,0.655883552721788,0.5553433388317109,1661.2,40.0,0.02399603411373123,0.5761088529987954,0.13034587456120644,0.5963010103621389,0.0,0.0,0.0
slice_phase_x_traffic,late×CLEAN_AIR,stream_p_ann,0.062042012233505806,0.027328198992899615,0.22747556001911878,0.087703879953054,0.07728531152623483,0.03455552163167916,0.13853002722979338,0.10992579289427604,5320.2,79.8,0.014947284252010334,0.43975528795133556,0.1004240153992491,0.44944971544914625,-0.37771327571782976,0.12705154461986967,-0.3721644039229114
slice_phase_x_traffic,late×CLEAN_AIR,stream_p_rf,0.17641311533102555,0.04885545383841067,0.0674136854217311,0.013893760709775623,0.1894055849262215,0.04098414129532907,0.1635479220394611,0.23261214948841094,5320.2,79.8,0.014947284252010334,0.43975528795133556,0.1004240153992491,0.44944971544914625,-0.26334217262031,-0.033010329977518,-0.26004413052292474
slice_phase_x_traffic,late×CLEAN_AIR,stream_p_svm,0.17581386470275878,0.12273759698672052,0.1259146367636231,0.04438044231559582,0.23873182871466958,0.10068061128025707,0.1692004679193319,0.42246615502321133,5320.2,79.8,0.014947284252010334,0.43975528795133556,0.1004240153992491,0.44944971544914625,-0.2639414232485768,0.025490621364374008,-0.21071788673447667
slice_phase_x_traffic,late×CLEAN_AIR,stream_p_xgb,0.28771372274524126,0.11368900076274811,0.062455116933118116,0.02076801213230296,0.3068427369584281,0.10153013112143604,0.2963490282354118,0.35475789405303454,5320.2,79.8,0.014947284252010334,0.43975528795133556,0.1004240153992491,0.44944971544914625,-0.1520415652060943,-0.03796889846613098,-0.14260697849071813
slice_phase_x_traffic,late×CLEAN_AIR,stream_tcn_proba,0.43975528795133556,0.07190872784744919,0.1004240153992491,0.03975473203692786,0.44944971544914625,0.04202916311813326,0.5907848517472674,0.3671315936336896,5320.2,79.8,0.014947284252010334,0.43975528795133556,0.1004240153992491,0.44944971544914625,0.0,0.0,0.0
slice_phase_x_traffic,late×IN_TRAFFIC,stream_p_ann,0.0694773835769512,0.024941028170651844,0.2419873759188104,0.09011401356106015,0.09141566344406102,0.05596381226209171,0.13146520146520146,0.15255291005291005,1225.2,20.6,0.017003069085733458,0.40806705631898443,0.11475124682260003,0.4012348111658456,-0.3385896727420332,0.12723612909621035,-0.30981914772178454
slice_phase_x_traffic,late×IN_TRAFFIC,stream_p_rf,0.21518937264832544,0.10981302330009744,0.07066964699185238,0.010116656116116042,0.23326524097851448,0.15544790918365683,0.202137206816324,0.28084029518240045,1225.2,20.6,0.017003069085733458,0.40806705631898443,0.11475124682260003,0.4012348111658456,-0.192877683670659,-0.04408159983074765,-0.1679695701873311
slice_phase_x_traffic,late×IN_TRAFFIC,stream_p_svm,0.1899192991206879,0.06164418432689495,0.12684870209448337,0.01796883344399434,0.19165608853797514,0.05365506539066302,0.1316943965001799,0.380093984962406,1225.2,20.6,0.017003069085733458,0.40806705631898443,0.11475124682260003,0.4012348111658456,-0.21814775719829654,0.012097455271883342,-0.20957872262787045
slice_phase_x_traffic,late×IN_TRAFFIC,stream_p_xgb,0.29309583918986265,0.14341422379006846,0.06795150940865882,0.01946155171674788,0.32013593859514167,0.17311999047412494,0.2790308650658505,0.4113826232247285,1225.2,20.6,0.017003069085733458,0.40806705631898443,0.11475124682260003,0.4012348111658456,-0.11497121712912178,-0.04679973741394121,-0.08109887257070392
slice_phase_x_traffic,late×IN_TRAFFIC,stream_tcn_proba,0.40806705631898443,0.12502415930876087,0.11475124682260003,0.05201323033991506,0.4012348111658456,0.16579728700325994,0.6028431372549019,0.31799568365357833,1225.2,20.6,0.017003069085733458,0.40806705631898443,0.11475124682260003,0.4012348111658456,0.0,0.0,0.0
slice_phase_x_traffic,mid×CLEAN_AIR,stream_p_ann,0.09765336482754824,0.03961489670214821,0.3019093438548931,0.09284969312719889,0.12595721472556728,0.048881204131093765,0.14528064782952654,0.20320909615894864,5500.6,203.6,0.03703815965678009,0.7082095038322607,0.14979812012349278,0.7140453196181255,-0.6105561390047124,0.15211122373140032,-0.5880881048925581
slice_phase_x_traffic,mid×CLEAN_AIR,stream_p_rf,0.29209193003232925,0.03206326088307662,0.12319673394580552,0.01532370732340572,0.30492555400930044,0.02513273589788813,0.23656499259783512,0.45145408999391295,5500.6,203.6,0.03703815965678009,0.7082095038322607,0.14979812012349278,0.7140453196181255,-0.4161175737999314,-0.02660138617768726,-0.409119765608825
slice_phase_x_traffic,mid×CLEAN_AIR,stream_p_svm,0.3304957156185208,0.05564760466797232,0.24286589885774248,0.08704291921088106,0.37477232068755273,0.04932041237554729,0.29681112921185354,0.5092561744461797,5500.6,203.6,0.03703815965678009,0.7082095038322607,0.14979812012349278,0.7140453196181255,-0.37771378821373985,0.0930677787342497,-0.3392729989305727
slice_phase_x_traffic,mid×CLEAN_AIR,stream_p_xgb,0.4906624585799559,0.10776082735915803,0.10181214475974473,0.026020940525259124,0.5020398529294867,0.054209652267688084,0.4442185011575642,0.5990328422421083,5500.6,203.6,0.03703815965678009,0.7082095038322607,0.14979812012349278,0.7140453196181255,-0.21754704525230478,-0.047985975363748046,-0.21200546668863873
slice_phase_x_traffic,mid×CLEAN_AIR,stream_tcn_proba,0.7082095038322607,0.06553757914881535,0.14979812012349278,0.040151399842356425,0.7140453196181255,0.05247692193049928,0.7676596227793369,0.6777648922564765,5500.6,203.6,0.03703815965678009,0.7082095038322607,0.14979812012349278,0.7140453196181255,0.0,0.0,0.0
slice_phase_x_traffic,mid×IN_TRAFFIC,stream_p_ann,0.11778582401843382,0.05459588082097294,0.3310246380572167,0.08002446069625559,0.11627584449680133,0.08753859476803769,0.1289297283920992,0.18911433016303572,1009.0,50.2,0.04962728792920845,0.720206830957361,0.16759879547796125,0.6705517520023864,-0.6024210069389272,0.16342584257925546,-0.5542759075055851
slice_phase_x_traffic,mid×IN_TRAFFIC,stream_p_rf,0.35019194023622846,0.10436186363684528,0.1450442984133437,0.02071026905315516,0.3432210637131897,0.043738507875313436,0.2854540937182571,0.4621583914899158,1009.0,50.2,0.04962728792920845,0.720206830957361,0.16759879547796125,0.6705517520023864,-0.3700148907211326,-0.02255449706461754,-0.32733068828919665
slice_phase_x_traffic,mid×IN_TRAFFIC,stream_p_svm,0.38824550551260073,0.0436490337200922,0.2760736702943822,0.09198961330831565,0.43257194635551377,0.04521687986460246,0.3536682842150945,0.563745494955319,1009.0,50.2,0.04962728792920845,0.720206830957361,0.16759879547796125,0.6705517520023864,-0.3319613254447603,0.10847487481642093,-0.2379798056468726
slice_phase_x_traffic,mid×IN_TRAFFIC,stream_p_xgb,0.5116702684431195,0.06857027522529438,0.12443703236872627,0.008873386056123075,0.5430172877172985,0.06008349700018833,0.486387935665716,0.6465476824451676,1009.0,50.2,0.04962728792920845,0.720206830957361,0.16759879547796125,0.6705517520023864,-0.20853656251424157,-0.043161763109234974,-0.12753446428508786
slice_phase_x_traffic,mid×IN_TRAFFIC,stream_tcn_proba,0.720206830957361,0.06303263486366614,0.16759879547796125,0.06041609894211146,0.6705517520023864,0.025252053506227612,0.747248771129368,0.6223546855313962,1009.0,50.2,0.04962728792920845,0.720206830957361,0.16759879547796125,0.6705517520023864,0.0,0.0,0.0
slice_phase_x_tyre,early×0_5,stream_p_ann,0.06047887736217948,0.04641620154339402,0.37300698152643286,0.16710330275420204,0.06233851309523299,0.0783171536251502,0.04927713828648408,0.11635345047109753,1787.0,39.8,0.022035777194054532,0.1597798803134455,0.19210654256164814,0.06098484848484849,-0.09930100295126602,0.18090043896478472,0.0013536646103845043
slice_phase_x_tyre,early×0_5,stream_p_rf,0.16325523749959714,0.08735643472963286,0.09942716353682912,0.04860844043375868,0.10005882828204145,0.08325988682511672,0.13359338430332346,0.10704863763687293,1787.0,39.8,0.022035777194054532,0.1597798803134455,0.19210654256164814,0.06098484848484849,0.003475357186151634,-0.09267937902481901,0.03907397979719296
slice_phase_x_tyre,early×0_5,stream_p_svm,0.13035202319599046,0.11052055652704242,0.1838338896573609,0.07019949945186224,0.1993975780700054,0.19814799253871532,0.16676387242424978,0.2871301247771836,1787.0,39.8,0.022035777194054532,0.1597798803134455,0.19210654256164814,0.06098484848484849,-0.029427857117455047,-0.008272652904287248,0.13841272958515694
slice_phase_x_tyre,early×0_5,stream_p_xgb,0.2082921301089855,0.13220610003539354,0.09115688068113466,0.03196554324442712,0.17056610056610058,0.1638853630012899,0.24183896814539768,0.15031830914183855,1787.0,39.8,0.022035777194054532,0.1597798803134455,0.19210654256164814,0.06098484848484849,0.04851224979554,-0.10094966188051348,0.10958125208125209
slice_phase_x_tyre,early×0_5,stream_tcn_proba,0.1597798803134455,0.12540653309917466,0.19210654256164814,0.05584330312356131,0.06098484848484849,0.07423179422972222,0.13080375356997145,0.05563534504710975,1787.0,39.8,0.022035777194054532,0.1597798803134455,0.19210654256164814,0.06098484848484849,0.0,0.0,0.0
slice_phase_x_tyre,early×16_plus,stream_p_ann,0.13388887740478914,0.017650130390927467,0.40215269682181953,0.1363616536549136,0.15420760061340433,0.054634435673231424,0.18934350586323553,0.22712844654418302,1256.0,80.0,0.06342517865350364,0.8096025968938338,0.15395872369852892,0.8134090204159709,-0.6757137194890447,0.2481939731232906,-0.6592014198025665
slice_phase_x_tyre,early×16_plus,stream_p_rf,0.37292361328651863,0.16747141929969192,0.18279653002737936,0.01706161958304073,0.38659322695554577,0.12131475161179836,0.37916276381188657,0.4318817982992814,1256.0,80.0,0.06342517865350364,0.8096025968938338,0.15395872369852892,0.8134090204159709,-0.4366789836073152,0.02883780632885044,-0.4268157934604251
slice_phase_x_tyre,early×16_plus,stream_p_svm,0.37413243806032837,0.15756112659847155,0.351510397500997,0.29830669967620904,0.40489386094779584,0.12225070600191613,0.42735441729175516,0.42089458744449004,1256.0,80.0,0.06342517865350364,0.8096025968938338,0.15395872369852892,0.8134090204159709,-0.4354701588335055,0.19755167380246808,-0.408515159468175
slice_phase_x_tyre,early×16_plus,stream_p_xgb,0.5265023075180306,0.09410312691207937,0.15549931882604087,0.028126668550145062,0.5238959739772977,0.05587231969206424,0.4748535951532835,0.6129830111702251,1256.0,80.0,0.06342517865350364,0.8096025968938338,0.15395872369852892,0.8134090204159709,-0.2831002893758032,0.0015405951275119512,-0.28951304643867315
slice_phase_x_tyre,early×16_plus,stream_tcn_proba,0.8096025968938338,0.06457029216402008,0.15395872369852892,0.03553641921865526,0.8134090204159709,0.046774303531971304,0.8248260701904802,0.8078733327247916,1256.0,80.0,0.06342517865350364,0.8096025968938338,0.15395872369852892,0.8134090204159709,0.0,0.0,0.0
slice_phase_x_tyre,early×6_15,stream_p_ann,0.07248720481495693,0.03329017659317013,0.3643754549872949,0.1546681741968689,0.07411011834509346,0.025980177273287306,0.08932272964250783,0.2519603724351764,3250.0,76.2,0.02340807826272811,0.5369860288962627,0.132355959648532,0.5309943662245121,-0.4644988240813057,0.2320194953387629,-0.45688424787941867
slice_phase_x_tyre,early×6_15,stream_p_rf,0.2227456409692527,0.05440125460305897,0.08538563962593168,0.008447304724531491,0.19537049016513544,0.06625003612092578,0.24737037037037038,0.24419889040819762,3250.0,76.2,0.02340807826272811,0.5369860288962627,0.132355959648532,0.5309943662245121,-0.31424038792701,-0.04697032002260032,-0.3356238760593767
slice_phase_x_tyre,early×6_15,stream_p_svm,0.14218570311362574,0.04088450172955115,0.1884634215010584,0.16603783892058616,0.17973832618595553,0.027517792800362303,0.1943883556057469,0.21620332044007337,3250.0,76.2,0.02340807826272811,0.5369860288962627,0.132355959648532,0.5309943662245121,-0.3948003257826369,0.05610746185252641,-0.3512560400385566
slice_phase_x_tyre,early×6_15,stream_p_xgb,0.3545248760817999,0.17993861026499866,0.08265524800636076,0.019430721208845526,0.32649910325118275,0.14685403862252286,0.38088318421105305,0.3671147320827051,3250.0,76.2,0.02340807826272811,0.5369860288962627,0.132355959648532,0.5309943662245121,-0.1824611528144628,-0.04970071164217124,-0.20449526297332937
slice_phase_x_tyre,early×6_15,stream_tcn_proba,0.5369860288962627,0.11873425871802758,0.132355959648532,0.017954805968543337,0.5309943662245121,0.0931662592368612,0.6143803445131718,0.48401927654875954,3250.0,76.2,0.02340807826272811,0.5369860288962627,0.132355959648532,0.5309943662245121,0.0,0.0,0.0
slice_phase_x_tyre,early×nan,stream_p_ann,0.8202614379084967,0.09936467840203127,0.3138191946630462,0.005740075025255035,0.2881987577639752,0.4084671527975634,0.26181818181818184,0.3666666666666667,76.8,3.2,0.05613636363636363,0.8329831932773109,0.4912807313467201,0.03076923076923077,-0.012721755368814147,-0.17746153668367393,0.2574295269947444
slice_phase_x_tyre,early×nan,stream_p_rf,0.8097721666319229,0.09224608659334713,0.37776545985933885,0.32676195219364385,0.1641025641025641,0.2887320668771128,0.3,0.21666666666666665,76.8,3.2,0.05613636363636363,0.8329831932773109,0.4912807313467201,0.03076923076923077,-0.02321102664538799,-0.11351527148738128,0.13333333333333333
slice_phase_x_tyre,early×nan,stream_p_svm,0.6068567069808852,0.29082353399869654,0.8117567944273959,0.3324582282868434,0.15272727272727274,0.2095252405947336,0.24444444444444446,0.25,76.8,3.2,0.05613636363636363,0.8329831932773109,0.4912807313467201,0.03076923076923077,-0.22612648629642562,0.3204760630806758,0.12195804195804197
slice_phase_x_tyre,early×nan,stream_p_xgb,0.8179540686006204,0.021749564764328926,0.35028850734645917,0.37200925818126296,0.2021978021978022,0.37213665518736766,0.4,0.16666666666666669,76.8,3.2,0.05613636363636363,0.8329831932773109,0.4912807313467201,0.03076923076923077,-0.015029124676690486,-0.14099222400026096,0.17142857142857143
slice_phase_x_tyre,early×nan,stream_tcn_proba,0.8329831932773109,0.23619743321147288,0.4912807313467201,0.1297088746756679,0.03076923076923077,0.06880209161537815,0.2,0.016666666666666666,76.8,3.2,0.05613636363636363,0.8329831932773109,0.4912807313467201,0.03076923076923077,0.0,0.0,0.0
slice_phase_x_tyre,late×0_5,stream_p_ann,0.0824052599165375,0.14519694180625045,0.17782922899342307,0.08518113959403,0.0,0.0,0.0,0.0,500.0,5.2,0.009934029895742522,0.023678226341172254,0.14543328754776097,0.0,0.05872703357536524,0.0323959414456621,0.0
slice_phase_x_tyre,late×0_5,stream_p_rf,0.04597011552993443,0.022021916625146763,0.05566199111736433,0.018368506632753155,0.00784313725490196,0.01753778805882188,0.005,0.01818181818181818,500.0,5.2,0.009934029895742522,0.023678226341172254,0.14543328754776097,0.0,0.022291889188762175,-0.08977129643039664,0.00784313725490196
slice_phase_x_tyre,late×0_5,stream_p_svm,0.05128187523954162,0.06003691936500654,0.13738668646018487,0.11551982843958009,0.03,0.049590157022027945,0.017332906939558683,0.1393939393939394,500.0,5.2,0.009934029895742522,0.023678226341172254,0.14543328754776097,0.0,0.027603648898369366,-0.0080466010875761,0.03
slice_phase_x_tyre,late×0_5,stream_p_xgb,0.061288945627324176,0.05443301005019566,0.06221647398325887,0.03149405111007157,0.02857142857142857,0.06388765649999399,0.017777777777777778,0.07272727272727272,500.0,5.2,0.009934029895742522,0.023678226341172254,0.14543328754776097,0.0,0.03761071928615192,-0.0832168135645021,0.02857142857142857
slice_phase_x_tyre,late×0_5,stream_tcn_proba,0.023678226341172254,0.013607074977621031,0.14543328754776097,0.038554785514874144,0.0,0.0,0.0,0.0,500.0,5.2,0.009934029895742522,0.023678226341172254,0.14543328754776097,0.0,0.0,0.0,0.0
slice_phase_x_tyre,late×16_plus,stream_p_ann,0.06657844169096361,0.018487131857677818,0.26227419223919646,0.09245888843331933,0.08563991108041072,0.026076279366025037,0.11990948946837014,0.1363111193360891,4136.2,74.8,0.01816392917587785,0.5144171377486588,0.11399905237962996,0.5235750778519387,-0.4478386960576952,0.1482751398595665,-0.437935166771528
slice_phase_x_tyre,late×16_plus,stream_p_rf,0.22224211181965775,0.056760714905338946,0.07545179982565606,0.013291653873921923,0.23775179514022615,0.0528387986292415,0.2026139532496564,0.31732635312777896,4136.2,74.8,0.01816392917587785,0.5144171377486588,0.11399905237962996,0.5235750778519387,-0.2921750259290011,-0.0385472525539739,-0.28582328271171253
slice_phase_x_tyre,late×16_plus,stream_p_svm,0.22774500328880473,0.08867531915194665,0.1371232195057496,0.028300007011207228,0.2814442830509195,0.053583379973336315,0.19809399526321386,0.5020329112424264,4136.2,74.8,0.01816392917587785,0.5144171377486588,0.11399905237962996,0.5235750778519387,-0.28667213445985407,0.023124167126119644,-0.24213079480101918
slice_phase_x_tyre,late×16_plus,stream_p_xgb,0.354679459429084,0.12493994212275959,0.06607640199101014,0.021336119933061497,0.3736401547455343,0.11869185027168713,0.3480562076980764,0.4397829142454655,4136.2,74.8,0.01816392917587785,0.5144171377486588,0.11399905237962996,0.5235750778519387,-0.1597376783195748,-0.047922650388619814,-0.14993492310640438
slice_phase_x_tyre,late×16_plus,stream_tcn_proba,0.5144171377486588,0.07372698505356023,0.11399905237962996,0.05080200754005785,0.5235750778519387,0.03862948469121632,0.6341096537870732,0.451513809603191,4136.2,74.8,0.01816392917587785,0.5144171377486588,0.11399905237962996,0.5235750778519387,0.0,0.0,0.0
slice_phase_x_tyre,late×6_15,stream_p_ann,0.05902156326492297,0.054274879121240474,0.17359285385647472,0.08300297475308702,0.07433333333333333,0.10369292272003053,0.2587591240875912,0.12542457542457544,1870.6,20.0,0.010318252491859085,0.16357222803540186,0.06594550002725412,0.10592885375494072,-0.10455066477047889,0.1076473538292206,-0.03159552042160739
slice_phase_x_tyre,late×6_15,stream_p_rf,0.07250004754679071,0.0513379395803954,0.054043314150827915,0.01925667088758535,0.025793650793650792,0.048316649451928255,0.04294117647058824,0.019930069930069932,1870.6,20.0,0.010318252491859085,0.16357222803540186,0.06594550002725412,0.10592885375494072,-0.09107218048861115,-0.011902185876426205,-0.08013520296128993
slice_phase_x_tyre,late×6_15,stream_p_svm,0.06993019804605467,0.07313492080775914,0.0988619382801794,0.06345690226336821,0.0679076479076479,0.08956097468021633,0.0765266106442577,0.08508158508158507,1870.6,20.0,0.010318252491859085,0.16357222803540186,0.06594550002725412,0.10592885375494072,-0.09364202998934719,0.032916438252925284,-0.03802120584729282
slice_phase_x_tyre,late×6_15,stream_p_xgb,0.15664716535222872,0.15130334203836848,0.05521405589942645,0.034380693193856636,0.11757747129089964,0.12752623293850457,0.11262019230769231,0.14285159285159285,1870.6,20.0,0.010318252491859085,0.16357222803540186,0.06594550002725412,0.10592885375494072,-0.006925062683173139,-0.010731444127827672,0.011648617535958916
slice_phase_x_tyre,late×6_15,stream_tcn_proba,0.16357222803540186,0.0862057203939121,0.06594550002725412,0.02580681355071204,0.10592885375494072,0.15647382186645242,0.13,0.09010989010989011,1870.6,20.0,0.010318252491859085,0.16357222803540186,0.06594550002725412,0.10592885375494072,0.0,0.0,0.0
slice_phase_x_tyre,late×nan,stream_p_ann,0.3,,0.15736255360220192,,0.0,0.0,0.0,0.0,96.5,1.0,0.006289308176100629,0.22619047619047616,0.07652305169374857,0.0,0.07380952380952382,0.08083950190845335,0.0
slice_phase_x_tyre,late×nan,stream_p_rf,0.5147058823529411,,0.0565182003489457,,0.0,0.0,0.0,0.0,96.5,1.0,0.006289308176100629,0.22619047619047616,0.07652305169374857,0.0,0.28851540616246496,-0.020004851344802864,0.0
slice_phase_x_tyre,late×nan,stream_p_svm,0.13392857142857142,,0.06196181747200778,,0.0,0.0,0.0,0.0,96.5,1.0,0.006289308176100629,0.22619047619047616,0.07652305169374857,0.0,-0.09226190476190474,-0.014561234221740785,0.0
slice_phase_x_tyre,late×nan,stream_p_xgb,0.10597826086956522,,0.06516290619673135,,0.0,0.0,0.0,0.0,96.5,1.0,0.006289308176100629,0.22619047619047616,0.07652305169374857,0.0,-0.12021221532091095,-0.011360145497017221,0.0
slice_phase_x_tyre,late×nan,stream_tcn_proba,0.22619047619047616,,0.07652305169374857,,0.0,0.0,0.0,0.0,96.5,1.0,0.006289308176100629,0.22619047619047616,0.07652305169374857,0.0,0.0,0.0,0.0
slice_phase_x_tyre,mid×0_5,stream_p_ann,0.038939665948019876,0.04261797403920015,0.19615862668230394,0.1174916612395544,0.04118589743589744,0.06689529491370122,0.2057471264367816,0.07222222222222222,1172.4,11.2,0.009360060682887542,0.11904980057733222,0.14443964493777042,0.07619047619047618,-0.08011013462931235,0.051718981744533515,-0.03500457875457874
slice_phase_x_tyre,mid×0_5,stream_p_rf,0.18161517612016947,0.17598818025870316,0.060979721627620775,0.015320649703327588,0.08632478632478632,0.12606475440256376,0.24545454545454545,0.08809523809523809,1172.4,11.2,0.009360060682887542,0.11904980057733222,0.14443964493777042,0.07619047619047618,0.06256537554283725,-0.08345992331014965,0.01013431013431014
slice_phase_x_tyre,mid×0_5,stream_p_svm,0.15008699008665233,0.1509405014269579,0.1476964523486,0.15054525410521727,0.1123768115942029,0.12199126753656381,0.1386147186147186,0.1976190476190476,1172.4,11.2,0.009360060682887542,0.11904980057733222,0.14443964493777042,0.07619047619047618,0.031037189509320107,0.0032568074108295653,0.03618633540372672
slice_phase_x_tyre,mid×0_5,stream_p_xgb,0.22756452633912277,0.155027313204241,0.060183703673956084,0.02502241416552516,0.033766233766233764,0.06201213707175751,0.10317460317460317,0.030952380952380953,1172.4,11.2,0.009360060682887542,0.11904980057733222,0.14443964493777042,0.07619047619047618,0.10851472576179055,-0.08425594126381433,-0.04242424242424242
slice_phase_x_tyre,mid×0_5,stream_tcn_proba,0.11904980057733222,0.16847876490660085,0.14443964493777042,0.027847174849589762,0.07619047619047618,0.17036708399998396,0.11428571428571428,0.05714285714285714,1172.4,11.2,0.009360060682887542,0.11904980057733222,0.14443964493777042,0.07619047619047618,0.0,0.0,0.0
slice_phase_x_tyre,mid×16_plus,stream_p_ann,0.12520769846995772,0.04447219548881985,0.42700915126631867,0.10028960191178993,0.1391120441449876,0.07771036743752012,0.15696804251790947,0.20731111006135086,2913.4,220.4,0.0760798018612665,0.7687422368588874,0.23036778095056923,0.7472685625426054,-0.6435345383889297,0.19664137031574944,-0.6081565183976179
slice_phase_x_tyre,mid×16_plus,stream_p_rf,0.33865635912217934,0.039034965222045276,0.2162206707972385,0.01793415537035388,0.3402366877970402,0.04393145956895699,0.27103318325724113,0.5070667634093979,2913.4,220.4,0.0760798018612665,0.7687422368588874,0.23036778095056923,0.7472685625426054,-0.4300858777367081,-0.014147110153330728,-0.40703187474556524
slice_phase_x_tyre,mid×16_plus,stream_p_svm,0.39448012013354866,0.03356763372826362,0.45793358876890994,0.22238108767638406,0.4228086905647183,0.05474832670931139,0.34198150919025294,0.5586153880449457,2913.4,220.4,0.0760798018612665,0.7687422368588874,0.23036778095056923,0.7472685625426054,-0.37426211672533877,0.2275658078183407,-0.3244598719778871
slice_phase_x_tyre,mid×16_plus,stream_p_xgb,0.5476977152475471,0.10671777595474041,0.18616205594800755,0.053825866781660896,0.5531752333538538,0.05021636912137832,0.48515410643818735,0.6735657334694726,2913.4,220.4,0.0760798018612665,0.7687422368588874,0.23036778095056923,0.7472685625426054,-0.22104452161134036,-0.044205725002561674,-0.19409332918875166
slice_phase_x_tyre,mid×16_plus,stream_tcn_proba,0.7687422368588874,0.04257682634162876,0.23036778095056923,0.051433138525698516,0.7472685625426054,0.03291053159199017,0.7787770188895058,0.7284671722727069,2913.4,220.4,0.0760798018612665,0.7687422368588874,0.23036778095056923,0.7472685625426054,0.0,0.0,0.0
slice_phase_x_tyre,mid×6_15,stream_p_ann,0.06607313428160758,0.06754238417993215,0.21534532423637448,0.09045017568205001,0.06457023060796645,0.0983136871995047,0.057001303780964796,0.18198757763975154,2399.8,20.6,0.008627572663476088,0.3524746985092686,0.06809669453011788,0.41728315412186384,-0.28640156422766105,0.1472486297062566,-0.3527129235138974
slice_phase_x_tyre,mid×6_15,stream_p_rf,0.1209295852394517,0.1012587689081706,0.050655010173560264,0.013424365637169595,0.08834586466165413,0.10751960027975743,0.2866666666666667,0.0677639751552795,2399.8,20.6,0.008627572663476088,0.3524746985092686,0.06809669453011788,0.41728315412186384,-0.23154511326981692,-0.017441684356557616,-0.3289372894602097
slice_phase_x_tyre,mid×6_15,stream_p_svm,0.1750120762303327,0.0991463653742993,0.060174808479994776,0.033859250131620194,0.1895547602004295,0.08540169470417251,0.2644444444444445,0.23577517963707223,2399.8,20.6,0.008627572663476088,0.3524746985092686,0.06809669453011788,0.41728315412186384,-0.1774626222789359,-0.007921886050123103,-0.22772839392143435
slice_phase_x_tyre,mid×6_15,stream_p_xgb,0.2314163170904719,0.13002385560240573,0.03504243512812488,0.009764652832922775,0.23330049261083743,0.10919672332744138,0.27387038082690257,0.2347716477895506,2399.8,20.6,0.008627572663476088,0.3524746985092686,0.06809669453011788,0.41728315412186384,-0.12105838141879671,-0.033054259401993,-0.1839826615110264
slice_phase_x_tyre,mid×6_15,stream_tcn_proba,0.3524746985092686,0.17113598642809882,0.06809669453011788,0.02834811755181479,0.41728315412186384,0.1759566955990058,0.6528571428571428,0.3175764218730971,2399.8,20.6,0.008627572663476088,0.3524746985092686,0.06809669453011788,0.41728315412186384,0.0,0.0,0.0
slice_phase_x_tyre,mid×nan,stream_p_ann,0.26149549424005947,,0.7781320221217998,,0.0,0.0,0.0,0.0,30.0,2.0,0.05,0.5414198912713344,0.6928701360853953,0.13636363636363635,-0.2799243970312749,0.0852618860364045,-0.13636363636363635
slice_phase_x_tyre,mid×nan,stream_p_rf,0.19929877186188547,,1.5883459203722001,,0.0,0.0,0.0,0.0,30.0,2.0,0.05,0.5414198912713344,0.6928701360853953,0.13636363636363635,-0.3421211194094489,0.8954757842868049,-0.13636363636363635
slice_phase_x_tyre,mid×nan,stream_p_svm,0.28493200639939764,,1.1651376787716405,,0.08695652173913043,0.17391304347826086,0.06666666666666667,0.125,30.0,2.0,0.05,0.5414198912713344,0.6928701360853953,0.13636363636363635,-0.25648788487193674,0.47226754268624527,-0.04940711462450592
slice_phase_x_tyre,mid×nan,stream_p_xgb,0.31806336025086024,,0.6475130319883501,,0.0,0.0,0.0,0.0,30.0,2.0,0.05,0.5414198912713344,0.6928701360853953,0.13636363636363635,-0.22335653102047415,-0.04535710409704519,-0.13636363636363635
slice_phase_x_tyre,mid×nan,stream_tcn_proba,0.5414198912713344,,0.6928701360853953,,0.13636363636363635,0.2727272727272727,0.25,0.09375,30.0,2.0,0.05,0.5414198912713344,0.6928701360853953,0.13636363636363635,0.0,0.0,0.0
slice_pitstops,0,stream_p_ann,0.09566451627743364,0.016707011613638478,0.407679455546226,0.15359517694706568,0.11838046548997343,0.029997220657903,0.12338446294429213,0.2388419429725329,6100.2,310.6,0.05097417431826207,0.7372320187039146,0.18260606473089094,0.713136076732968,-0.641567502426481,0.22507339081533503,-0.5947556112429946
slice_pitstops,0,stream_p_rf,0.3430606455889021,0.07859084453000122,0.15143354090372563,0.00671004545759901,0.34739245827217413,0.0635600882113016,0.28245584307646343,0.5085419720331946,6100.2,310.6,0.05097417431826207,0.7372320187039146,0.18260606473089094,0.713136076732968,-0.39417137311501255,-0.031172523827165316,-0.36574361846079384
slice_pitstops,0,stream_p_svm,0.3370914719223315,0.06166887906938043,0.33808534497500053,0.19120311108383867,0.3819594200249147,0.06819851860608767,0.31773646955836893,0.5000272930013029,6100.2,310.6,0.05097417431826207,0.7372320187039146,0.18260606473089094,0.713136076732968,-0.4001405467815831,0.1554792802441096,-0.3311766567080533
slice_pitstops,0,stream_p_xgb,0.5044673606642258,0.0709874321689276,0.13416578581732352,0.03028862116633005,0.5251783213306447,0.06966657634481338,0.49592466206957947,0.5891289563656298,6100.2,310.6,0.05097417431826207,0.7372320187039146,0.18260606473089094,0.713136076732968,-0.23276465803968882,-0.04844027891356742,-0.1879577554023233
slice_pitstops,0,stream_tcn_proba,0.7372320187039146,0.04262584731847658,0.18260606473089094,0.03623193283847687,0.713136076732968,0.026354350406394392,0.7517303253926061,0.6825106843403926,6100.2,310.6,0.05097417431826207,0.7372320187039146,0.18260606473089094,0.713136076732968,0.0,0.0,0.0
slice_pitstops,1_plus,stream_p_ann,0.06266811999247218,0.03712541182565666,0.25453251002161903,0.08916715898217764,0.08736709788064975,0.04435806297488285,0.11766269596241363,0.141391535849838,13324.6,242.8,0.018208420013689806,0.4435637818254582,0.11553540452213822,0.4750608899976815,-0.380895661832986,0.1389971054994808,-0.3876937921170317
slice_pitstops,1_plus,stream_p_rf,0.13452067335501322,0.0309272476351208,0.07800672587910175,0.013039257869852303,0.1660750110629806,0.05986649201991993,0.1704538946796641,0.164478920726761,13324.6,242.8,0.018208420013689806,0.4435637818254582,0.11553540452213822,0.4750608899976815,-0.30904310847044497,-0.03752867864303647,-0.30898587893470086
slice_pitstops,1_plus,stream_p_svm,0.1428910507427874,0.04917202297177038,0.13447134949418343,0.01718600794476144,0.2392330970375037,0.05383280009412308,0.18396345719173643,0.3444534443846413,13324.6,242.8,0.018208420013689806,0.4435637818254582,0.11553540452213822,0.4750608899976815,-0.3006727310826708,0.01893594497204522,-0.23582779296017778
slice_pitstops,1_plus,stream_p_xgb,0.2892466026775451,0.07141273761726545,0.06889367666239048,0.014321439258289886,0.3284973513988677,0.08117693177911413,0.313675133535193,0.37974698491691794,13324.6,242.8,0.018208420013689806,0.4435637818254582,0.11553540452213822,0.4750608899976815,-0.1543171791479131,-0.04664172785974774,-0.14656353859881377
slice_pitstops,1_plus,stream_tcn_proba,0.4435637818254582,0.06954357926677782,0.11553540452213822,0.035315144054692986,0.4750608899976815,0.04381020076239281,0.62015009577169,0.39333990870915986,13324.6,242.8,0.018208420013689806,0.4435637818254582,0.11553540452213822,0.4750608899976815,0.0,0.0,0.0
slice_race_phase,early,stream_p_ann,0.07881970704989376,0.028239744828647526,0.3739576722394044,0.1549247992951365,0.10485820363871863,0.029175637093283798,0.10515358680716562,0.2324164706288306,6369.8,199.2,0.03126986642388538,0.5916709857192919,0.15544694181540508,0.5838584638941441,-0.5128512786693982,0.21851073042399932,-0.47900026025542547
slice_race_phase,early,stream_p_rf,0.26885108997889606,0.08666570989667827,0.10928044041359779,0.011267600671976538,0.2736409972646456,0.06301828644191348,0.3166680858167246,0.29391028666156843,6369.8,199.2,0.03126986642388538,0.5916709857192919,0.15544694181540508,0.5838584638941441,-0.3228198957403958,-0.046166501401807294,-0.3102174666294985
slice_race_phase,early,stream_p_svm,0.2096774425787221,0.054739597878407806,0.22222695564214465,0.14486409705104922,0.28631057615681954,0.030774363480954026,0.2741807361709736,0.33155455279258883,6369.8,199.2,0.03126986642388538,0.5916709857192919,0.15544694181540508,0.5838584638941441,-0.38199354314056977,0.06678001382673956,-0.29754788773732455
slice_race_phase,early,stream_p_xgb,0.3851849601549969,0.09963309553210367,0.1000375598816426,0.019699774103687676,0.40255052702123206,0.0777732903627742,0.41763209327932815,0.4255432634136498,6369.8,199.2,0.03126986642388538,0.5916709857192919,0.15544694181540508,0.5838584638941441,-0.20648602556429496,-0.05540938193376248,-0.18130793687291202
slice_race_phase,early,stream_tcn_proba,0.5916709857192919,0.06779569380240417,0.15544694181540508,0.028872096185151623,0.5838584638941441,0.060393173330183986,0.6783212249499686,0.5212783621663721,6369.8,199.2,0.03126986642388538,0.5916709857192919,0.15544694181540508,0.5838584638941441,0.0,0.0,0.0
slice_race_phase,late,stream_p_ann,0.059127325472452294,0.020575647775301183,0.23028360325768263,0.08843845478570907,0.07725046003953068,0.019867278662874237,0.12388529486648751,0.12164564811325207,6545.4,100.4,0.015331579347925284,0.42112273321996846,0.10309057490945246,0.44166965326616286,-0.36199540774751615,0.12719302834823015,-0.3644191932266322
slice_race_phase,late,stream_p_rf,0.17515526999940667,0.04525575154786607,0.06807137871733966,0.012830563598670774,0.19519813900798583,0.05452928463646362,0.1654678199979405,0.24372375350405337,6545.4,100.4,0.015331579347925284,0.42112273321996846,0.10309057490945246,0.44166965326616286,-0.2459674632205618,-0.0350191961921128,-0.24647151425817704
slice_race_phase,late,stream_p_svm,0.16927900540378404,0.08241196810967294,0.12636673457640474,0.03645575068719522,0.22274565845851807,0.06252827663001821,0.15351395667658518,0.41364316426143793,6545.4,100.4,0.015331579347925284,0.42112273321996846,0.10309057490945246,0.44166965326616286,-0.2518437278161844,0.023276159666952276,-0.2189239948076448
slice_race_phase,late,stream_p_xgb,0.282966212694147,0.10739005757438802,0.06358212881055483,0.020009497466530957,0.3113542347728125,0.10549718934021196,0.29342267258183774,0.368494908238556,6545.4,100.4,0.015331579347925284,0.42112273321996846,0.10309057490945246,0.44166965326616286,-0.13815652052582145,-0.03950844609889763,-0.13031541849335038
slice_race_phase,late,stream_tcn_proba,0.42112273321996846,0.07034611047125405,0.10309057490945246,0.04159306638864419,0.44166965326616286,0.06281900702031097,0.5949509142951765,0.3570508752639808,6545.4,100.4,0.015331579347925284,0.42112273321996846,0.10309057490945246,0.44166965326616286,0.0,0.0,0.0
slice_race_phase,mid,stream_p_ann,0.09661390984375455,0.04091022435610029,0.30639963235748446,0.09056475172216645,0.12428277518072958,0.054826374256816385,0.14530359196094994,0.20000045654863233,6509.6,253.8,0.0389972240523947,0.7059455001876662,0.15234702784769943,0.7052860199099711,-0.6093315903439117,0.15405260450978503,-0.5810032447292415
slice_race_phase,mid,stream_p_rf,0.29839347854981313,0.04181520693072279,0.1265096673724852,0.014987141534573055,0.31184197269756375,0.02883898747894435,0.24447532241596376,0.4527967721684728,6509.6,253.8,0.0389972240523947,0.7059455001876662,0.15234702784769943,0.7052860199099711,-0.4075520216378531,-0.025837360475214233,-0.39344404721240733
slice_race_phase,mid,stream_p_svm,0.3362210504877263,0.045246505124995964,0.24765452489178835,0.07576927312477602,0.38528787017881494,0.04374203938270984,0.3066323758020008,0.5191844415174406,6509.6,253.8,0.0389972240523947,0.7059455001876662,0.15234702784769943,0.7052860199099711,-0.3697244496999399,0.09530749704408892,-0.31999814973115615
slice_race_phase,mid,stream_p_xgb,0.4919206203423359,0.09004386969908226,0.10524818370067435,0.022654389444995298,0.5095650048288352,0.05120038850409833,0.45067422374972627,0.6084488349772036,6509.6,253.8,0.0389972240523947,0.7059455001876662,0.15234702784769943,0.7052860199099711,-0.2140248798453303,-0.04709884414702509,-0.19572101508113593
slice_race_phase,mid,stream_tcn_proba,0.7059455001876662,0.054071795017976154,0.15234702784769943,0.04190068214439003,0.7052860199099711,0.03907352815530824,0.7636433186926945,0.6652264564935321,6509.6,253.8,0.0389972240523947,0.7059455001876662,0.15234702784769943,0.7052860199099711,0.0,0.0,0.0
slice_track_cat,1,stream_p_ann,0.08256936523478506,0.02246867626918867,0.3164892441945029,0.13254006873123927,0.09097677408752167,0.01540975084800212,0.09514820711025569,0.20677414595287988,7386.4,188.6,0.025510904004275203,0.6926934600350382,0.11890126669005348,0.6949967221925697,-0.6101240948002531,0.19758797750444945,-0.604019948105048
slice_track_cat,1,stream_p_rf,0.3106375128537836,0.06391849997668243,0.0876931630658067,0.008037634255982449,0.332799722672697,0.05816715767018766,0.34360260075570936,0.37036864510222645,7386.4,188.6,0.025510904004275203,0.6926934600350382,0.11890126669005348,0.6949967221925697,-0.3820559471812546,-0.03120810362424678,-0.3621969995198727
slice_track_cat,1,stream_p_svm,0.3043897124941224,0.0944384869901375,0.17851340889087658,0.09801565101058193,0.3379533953124933,0.09220373069353716,0.2701839559458386,0.49946785672526384,7386.4,188.6,0.025510904004275203,0.6926934600350382,0.11890126669005348,0.6949967221925697,-0.3883037475409158,0.0596121422008231,-0.3570433268800764
slice_track_cat,1,stream_p_xgb,0.4510348350891956,0.12560248734777968,0.08169420156770944,0.02258606220590912,0.4462640459784879,0.1048296512223152,0.4058048206183019,0.5665175133145609,7386.4,188.6,0.025510904004275203,0.6926934600350382,0.11890126669005348,0.6949967221925697,-0.24165862494584256,-0.037207065122344035,-0.2487326762140818
slice_track_cat,1,stream_tcn_proba,0.6926934600350382,0.10864523701621885,0.11890126669005348,0.039365473827423524,0.6949967221925697,0.06573536091771177,0.7280328256365297,0.6752929892067867,7386.4,188.6,0.025510904004275203,0.6926934600350382,0.11890126669005348,0.6949967221925697,0.0,0.0,0.0
slice_track_cat,2,stream_p_ann,0.08514987866455778,0.030557496869314315,0.29855847589476514,0.09484943554770008,0.1299325602473968,0.025977522676250604,0.1353556282015634,0.21548274108559756,7801.0,214.4,0.02776209201872846,0.5278059615189884,0.14347005138912988,0.5409897483280034,-0.4426560828544306,0.15508842450563526,-0.4110571880806066
slice_track_cat,2,stream_p_rf,0.2499013627451963,0.07949885313173831,0.10225077372484108,0.010293340445395092,0.2668777952932345,0.06657683225908873,0.23055592374005104,0.3396302068264114,7801.0,214.4,0.02776209201872846,0.5278059615189884,0.14347005138912988,0.5409897483280034,-0.2779045987737921,-0.0412192776642888,-0.2741119530347689
slice_track_cat,2,stream_p_svm,0.2041505565748786,0.055997024183512586,0.229793478438003,0.08081711057794841,0.28835747172439286,0.048577195322104465,0.2385493158790805,0.37662668665667165,7801.0,214.4,0.02776209201872846,0.5278059615189884,0.14347005138912988,0.5409897483280034,-0.3236554049441098,0.08632342704887311,-0.25263227660361054
slice_track_cat,2,stream_p_xgb,0.4096385326534421,0.08533993784414326,0.08450239614276513,0.0075156787077988955,0.4540932168631353,0.07494299069489194,0.464238647384256,0.4715447101010898,7801.0,214.4,0.02776209201872846,0.5278059615189884,0.14347005138912988,0.5409897483280034,-0.11816742886554632,-0.058967655246364756,-0.08689653146486809
slice_track_cat,2,stream_tcn_proba,0.5278059615189884,0.08714553087850944,0.14347005138912988,0.0458834782662884,0.5409897483280034,0.04819946397141529,0.6709181175254907,0.45614762794041575,7801.0,214.4,0.02776209201872846,0.5278059615189884,0.14347005138912988,0.5409897483280034,0.0,0.0,0.0
slice_track_cat,3,stream_p_ann,0.09190719533951539,0.029177986316102116,0.3030755751679338,0.1325140566524228,0.09903876438490834,0.03544841301058445,0.247128285271631,0.17591533574453516,4237.4,150.4,0.03566885583288727,0.6475018332464917,0.15467089337730106,0.6154427818339181,-0.5555946379069763,0.14840468179063276,-0.5164040174490098
slice_track_cat,3,stream_p_rf,0.2768062878208414,0.08971092695408904,0.12376025789349514,0.019820482426865283,0.26307143895974067,0.08056623527466597,0.25437876167689477,0.38628080340985493,4237.4,150.4,0.03566885583288727,0.6475018332464917,0.15467089337730106,0.6154427818339181,-0.3706955454256503,-0.030910635483805918,-0.35237134287417743
slice_track_cat,3,stream_p_svm,0.2850292011432056,0.12059840796674802,0.18172245042481766,0.08497538304885299,0.30381858513061905,0.11196614395134012,0.3074220727628874,0.3970732818270715,4237.4,150.4,0.03566885583288727,0.6475018332464917,0.15467089337730106,0.6154427818339181,-0.36247263210328606,0.027051557047516606,-0.31162419670329905
slice_track_cat,3,stream_p_xgb,0.4333637344264568,0.0191213505267006,0.11300814966818999,0.02315017590781739,0.3920790872391756,0.09188092950045651,0.45663667787977946,0.4678131707046768,4237.4,150.4,0.03566885583288727,0.6475018332464917,0.15467089337730106,0.6154427818339181,-0.21413809882003487,-0.041662743709111064,-0.22336369459474248
slice_track_cat,3,stream_tcn_proba,0.6475018332464917,0.059270283863311006,0.15467089337730106,0.018120434549330527,0.6154427818339181,0.07999710551766243,0.723139777334528,0.5481731042817711,4237.4,150.4,0.03566885583288727,0.6475018332464917,0.15467089337730106,0.6154427818339181,0.0,0.0,0.0
slice_traffic,CLEAN_AIR,stream_p_ann,0.0795447772471489,0.013992574218200245,0.30025347437510524,0.1116288296711314,0.1128438466003449,0.018900811579641477,0.12049489017220591,0.20860562730546678,15529.4,442.6,0.02850105437396148,0.6108480822145147,0.13750355424943247,0.622749678998694,-0.5313033049673658,0.16274992012567277,-0.5099058323983492
slice_traffic,CLEAN_AIR,stream_p_rf,0.2484997229606032,0.04317147496457794,0.10205215336068214,0.009635724792801174,0.277485234049245,0.034596815600844086,0.23506480684706194,0.3625182844283968,15529.4,442.6,0.02850105437396148,0.6108480822145147,0.13750355424943247,0.622749678998694,-0.3623483592539115,-0.03545140088875033,-0.345264444949449
slice_traffic,CLEAN_AIR,stream_p_svm,0.23923125679850515,0.060134253684665274,0.20476880450075147,0.07605926229042419,0.31697936288945805,0.04742078672855448,0.2521567132407717,0.43426980911732116,15529.4,442.6,0.02850105437396148,0.6108480822145147,0.13750355424943247,0.622749678998694,-0.37161682541600954,0.06726525025131899,-0.305770316109236
slice_traffic,CLEAN_AIR,stream_p_xgb,0.39514122628080944,0.058403423710511014,0.09006327461821971,0.013611072371211112,0.42944485470332766,0.056416265583293,0.396740304586869,0.4895379778204818,15529.4,442.6,0.02850105437396148,0.6108480822145147,0.13750355424943247,0.622749678998694,-0.21570685593370525,-0.047440279631212764,-0.19330482429536638
slice_traffic,CLEAN_AIR,stream_tcn_proba,0.6108480822145147,0.04916052190692965,0.13750355424943247,0.03311383272016904,0.622749678998694,0.02417599846938122,0.7060527208671523,0.561043198844162,15529.4,442.6,0.02850105437396148,0.6108480822145147,0.13750355424943247,0.622749678998694,0.0,0.0,0.0
slice_traffic,IN_TRAFFIC,stream_p_ann,0.0601491859936491,0.01830055015769312,0.3142014763623303,0.10588081007372019,0.07848228328616436,0.042926378055114414,0.09601290361824291,0.17170415602112074,3895.4,110.8,0.028506938790866354,0.5940955655180791,0.13449484734101994,0.601914581313346,-0.5339463795244299,0.17970662902131038,-0.5234322980271816
slice_traffic,IN_TRAFFIC,stream_p_rf,0.26446310444119947,0.05174281141853022,0.09794427366887856,0.007841872016087138,0.2776592180719263,0.04753308359284957,0.24954460372305304,0.34334702046378085,3895.4,110.8,0.028506938790866354,0.5940955655180791,0.13449484734101994,0.601914581313346,-0.3296324610768796,-0.03655057367214137,-0.3242553632414197
slice_traffic,IN_TRAFFIC,stream_p_svm,0.2523180812509386,0.032566544861112344,0.17438635872802627,0.03625655842343959,0.29995461521295697,0.03311367062617382,0.2413626007601623,0.4197607367934399,3895.4,110.8,0.028506938790866354,0.5940955655180791,0.13449484734101994,0.601914581313346,-0.3417774842671405,0.039891511387006334,-0.301959966100389
slice_traffic,IN_TRAFFIC,stream_p_xgb,0.40709552022089407,0.1065492049462041,0.08760294813367395,0.011780679071171541,0.44951402952018144,0.08744429586300255,0.41142762669995603,0.529535676570066,3895.4,110.8,0.028506938790866354,0.5940955655180791,0.13449484734101994,0.601914581313346,-0.187000045297185,-0.04689189920734599,-0.15240055179316453
slice_traffic,IN_TRAFFIC,stream_tcn_proba,0.5940955655180791,0.05559393398809409,0.13449484734101994,0.04054444542870001,0.601914581313346,0.05785219539924541,0.6914985708133752,0.5382757451882132,3895.4,110.8,0.028506938790866354,0.5940955655180791,0.13449484734101994,0.601914581313346,0.0,0.0,0.0
slice_traffic_x_undercut,CLEAN_AIR×NO_PRESSURE,stream_p_ann,0.07744594832560665,0.01470028189144717,0.2987834351386539,0.11204399055144973,0.11042389200576141,0.021268707778759183,0.11735579822622236,0.20591735577395137,15294.2,420.6,0.027502413735683535,0.605194197021653,0.13611332776283713,0.6201459540724954,-0.5277482486960463,0.16267010737581677,-0.509722062066734
slice_traffic_x_undercut,CLEAN_AIR×NO_PRESSURE,stream_p_rf,0.23762129112217364,0.04241347504767593,0.10004875580227879,0.009673242495835168,0.26718878960570247,0.033897318725009895,0.22574923697886415,0.35098990181233425,15294.2,420.6,0.027502413735683535,0.605194197021653,0.13611332776283713,0.6201459540724954,-0.36757290589947933,-0.036064571960558345,-0.3529571644667929
slice_traffic_x_undercut,CLEAN_AIR×NO_PRESSURE,stream_p_svm,0.22552144996317733,0.05699351191769056,0.2020193899300073,0.07646857825749881,0.30731563179924304,0.048593598728915235,0.24362076709484173,0.4238198527509538,15294.2,420.6,0.027502413735683535,0.605194197021653,0.13611332776283713,0.6201459540724954,-0.37967274705847565,0.06590606216717015,-0.31283032227325236
slice_traffic_x_undercut,CLEAN_AIR×NO_PRESSURE,stream_p_xgb,0.38513079509014403,0.05699817078041749,0.08829812334818968,0.013453159116099098,0.42208390615976077,0.05581045343052377,0.3883834695423928,0.4844744823825187,15294.2,420.6,0.027502413735683535,0.605194197021653,0.13611332776283713,0.6201459540724954,-0.22006340193150897,-0.047815204414647455,-0.19806204791273463
slice_traffic_x_undercut,CLEAN_AIR×NO_PRESSURE,stream_tcn_proba,0.605194197021653,0.04770028307139189,0.13611332776283713,0.03316845283969109,0.6201459540724954,0.02060975783665117,0.6999107983238362,0.5601846181820231,15294.2,420.6,0.027502413735683535,0.605194197021653,0.13611332776283713,0.6201459540724954,0.0,0.0,0.0
slice_traffic_x_undercut,CLEAN_AIR×PRESSURE,stream_p_ann,0.249057128094276,0.03993409740141511,0.39631326226267016,0.09154561906995591,0.19091917828759936,0.10967427270900583,0.24211021283616568,0.2570220412691809,235.2,22.0,0.09358926794272254,0.7404862147638228,0.22835609039097257,0.6652678423826905,-0.4914290866695468,0.1679571718716976,-0.4743486640950912
slice_traffic_x_undercut,CLEAN_AIR×PRESSURE,stream_p_rf,0.5037312348821195,0.10296984323553797,0.2324811224283915,0.01857376341747091,0.48145056830401656,0.10349470623427384,0.44299299965704364,0.5769488939740656,235.2,22.0,0.09358926794272254,0.7404862147638228,0.22835609039097257,0.6652678423826905,-0.23675497988170335,0.00412503203741893,-0.183817274078674
slice_traffic_x_undercut,CLEAN_AIR×PRESSURE,stream_p_svm,0.5519746989986904,0.10339030269914777,0.3819589266581964,0.09916677518091084,0.5199415694890361,0.053139029667545676,0.45641612478218374,0.6276101716742449,235.2,22.0,0.09358926794272254,0.7404862147638228,0.22835609039097257,0.6652678423826905,-0.18851151576513236,0.15360283626722385,-0.1453262728936544
slice_traffic_x_undercut,CLEAN_AIR×PRESSURE,stream_p_xgb,0.6183706366774591,0.10359791802179175,0.20549803307246411,0.041369199274099946,0.5777443238547217,0.1055686852712368,0.5862225274725275,0.5835575896262395,235.2,22.0,0.09358926794272254,0.7404862147638228,0.22835609039097257,0.6652678423826905,-0.12211557808636375,-0.022858057318508457,-0.0875235185279688
slice_traffic_x_undercut,CLEAN_AIR×PRESSURE,stream_tcn_proba,0.7404862147638228,0.11579624745166214,0.22835609039097257,0.03751250018175916,0.6652678423826905,0.11482148588577576,0.8585,0.5758227981019743,235.2,22.0,0.09358926794272254,0.7404862147638228,0.22835609039097257,0.6652678423826905,0.0,0.0,0.0
slice_traffic_x_undercut,IN_TRAFFIC×NO_PRESSURE,stream_p_ann,0.059552337258476154,0.01861886665755782,0.31292549062021263,0.10603990383142174,0.07855262998405793,0.04279834993890896,0.09918582723733899,0.17525954023767526,3862.2,106.8,0.027727344772321316,0.5930564958125709,0.13294882465690924,0.6007856030337674,-0.5335041585540947,0.1799766659633034,-0.5222329730497095
slice_traffic_x_undercut,IN_TRAFFIC×NO_PRESSURE,stream_p_rf,0.26260175450526574,0.0500673017110292,0.09606403384476528,0.008238455184555316,0.2738552174956941,0.045657098830805105,0.24721752391998492,0.3387665911717432,3862.2,106.8,0.027727344772321316,0.5930564958125709,0.13294882465690924,0.6007856030337674,-0.3304547413073052,-0.036884790812143964,-0.3269303855380733
slice_traffic_x_undercut,IN_TRAFFIC×NO_PRESSURE,stream_p_svm,0.24934731375462277,0.03428233860140508,0.17205898567037242,0.03586938668044997,0.2958577503117856,0.032320352095058485,0.238532122352217,0.416135064052909,3862.2,106.8,0.027727344772321316,0.5930564958125709,0.13294882465690924,0.6007856030337674,-0.34370918205794815,0.03911016101346318,-0.3049278527219818
slice_traffic_x_undercut,IN_TRAFFIC×NO_PRESSURE,stream_p_xgb,0.39581286373027497,0.10689656558353548,0.08653952552525558,0.011166378231015224,0.44258371530430357,0.08938517075921557,0.40485723487214587,0.5247088531903297,3862.2,106.8,0.027727344772321316,0.5930564958125709,0.13294882465690924,0.6007856030337674,-0.19724363208229595,-0.04640929913165366,-0.1582018877294638
slice_traffic_x_undercut,IN_TRAFFIC×NO_PRESSURE,stream_tcn_proba,0.5930564958125709,0.04958019964966564,0.13294882465690924,0.03997734936878137,0.6007856030337674,0.05093796085745276,0.6858778258541055,0.5398074876990467,3862.2,106.8,0.027727344772321316,0.5930564958125709,0.13294882465690924,0.6007856030337674,0.0,0.0,0.0
slice_traffic_x_undercut,IN_TRAFFIC×PRESSURE,stream_p_ann,0.2451397916731929,0.14850689003656894,0.460786046478254,0.10861310172597194,0.06956521739130435,0.1555525549565071,0.05714285714285714,0.08888888888888888,33.2,4.0,0.117458743028003,0.6375157152788732,0.30917350686399514,0.5428571428571429,-0.3923759236056803,0.15161253961425886,-0.4732919254658386
slice_traffic_x_undercut,IN_TRAFFIC×PRESSURE,stream_p_rf,0.395751147001147,0.32313546027535206,0.3120127368709187,0.14183196368519976,0.34964912280701754,0.2892074799364908,0.38190476190476186,0.4833333333333333,33.2,4.0,0.117458743028003,0.6375157152788732,0.30917350686399514,0.5428571428571429,-0.2417645682777262,0.002839230006923543,-0.19320802005012538
slice_traffic_x_undercut,IN_TRAFFIC×PRESSURE,stream_p_svm,0.5017911872078539,0.2826927075820845,0.438239897811739,0.27004619291222215,0.3810695187165775,0.3143201603487961,0.3369047619047619,0.5055555555555555,33.2,4.0,0.117458743028003,0.6375157152788732,0.30917350686399514,0.5428571428571429,-0.1357245280710193,0.12906639094774386,-0.1617876241405654
slice_traffic_x_undercut,IN_TRAFFIC×PRESSURE,stream_p_xgb,0.7444356261022927,0.34555490395718436,0.20632117535060854,0.12662127825715885,0.5731829573934837,0.3519893759057193,0.5599999999999999,0.6277777777777778,33.2,4.0,0.117458743028003,0.6375157152788732,0.30917350686399514,0.5428571428571429,0.10691991082341956,-0.1028523315133866,0.030325814536340756
slice_traffic_x_undercut,IN_TRAFFIC×PRESSURE,stream_tcn_proba,0.6375157152788732,0.44188264660441473,0.30917350686399514,0.1457056841268403,0.5428571428571429,0.5091008480344418,0.6,0.5111111111111111,33.2,4.0,0.117458743028003,0.6375157152788732,0.30917350686399514,0.5428571428571429,0.0,0.0,0.0
slice_tyre_age_bin,0_5,stream_p_ann,0.05129140612320583,0.036634513065545674,0.28302001923568093,0.1294415241441126,0.059513099397009925,0.05637006688620562,0.052310305519493824,0.1050935765486849,3459.4,56.2,0.015981268491332138,0.09593709543353829,0.1630745104546538,0.06355600539811065,-0.044645689310332456,0.11994550878102714,-0.0040429060011007295
slice_tyre_age_bin,0_5,stream_p_rf,0.12014989678687224,0.07157231599830013,0.07656944826559543,0.030146552965349616,0.09000389436509874,0.06497892460787322,0.17318042109099263,0.10458954310347499,3459.4,56.2,0.015981268491332138,0.09593709543353829,0.1630745104546538,0.06355600539811065,0.02421280135333395,-0.08650506218905836,0.02644788896698809
slice_tyre_age_bin,0_5,stream_p_svm,0.087965284611801,0.06654823019712085,0.1567183416845169,0.055109886167776005,0.170688570877353,0.16296875266918184,0.1256770655844357,0.2895988000384285,3459.4,56.2,0.015981268491332138,0.09593709543353829,0.1630745104546538,0.06355600539811065,-0.007971810821737285,-0.006356168770136894,0.10713256547924235
slice_tyre_age_bin,0_5,stream_p_xgb,0.1526015397764199,0.07261107212885101,0.07248030831418276,0.030276072890626893,0.13641319571306781,0.13969135083753725,0.15957448340413277,0.13851663428134017,3459.4,56.2,0.015981268491332138,0.09593709543353829,0.1630745104546538,0.06355600539811065,0.05666444434288162,-0.09059420214047104,0.07285719031495716
slice_tyre_age_bin,0_5,stream_tcn_proba,0.09593709543353829,0.047143383666395616,0.1630745104546538,0.03823256327213478,0.06355600539811065,0.07625115092709059,0.14922480620155038,0.05526703173761997,3459.4,56.2,0.015981268491332138,0.09593709543353829,0.1630745104546538,0.06355600539811065,0.0,0.0,0.0
slice_tyre_age_bin,16_plus,stream_p_ann,0.09935284561087754,0.028855886264628972,0.34111857123238304,0.09939924966865692,0.12769033062137122,0.049359129775008614,0.14731046422553223,0.2007425602819012,8305.6,375.2,0.045224562953575534,0.7218584167768485,0.1610796366432466,0.7201608252956421,-0.6225055711659709,0.18003893458913645,-0.5924704946742708
slice_tyre_age_bin,16_plus,stream_p_rf,0.30587873891847395,0.05258332794279073,0.14101234234874274,0.008858365513948748,0.32650059645268603,0.038746249696535354,0.26855944199486076,0.45465964025576777,8305.6,375.2,0.045224562953575534,0.7218584167768485,0.1610796366432466,0.7201608252956421,-0.41597967785837453,-0.02006729429450385,-0.39366022884295604
slice_tyre_age_bin,16_plus,stream_p_svm,0.3247085451978443,0.05391518622930522,0.2807945993207263,0.10872442296590491,0.3831435570571425,0.06526957440085278,0.30629416121011194,0.5179004802684762,8305.6,375.2,0.045224562953575534,0.7218584167768485,0.1610796366432466,0.7201608252956421,-0.39714987157900417,0.11971496267747972,-0.3370172682384996
slice_tyre_age_bin,16_plus,stream_p_xgb,0.4815445913060736,0.057424670087472686,0.1214402261257348,0.015245703615627963,0.508533857308059,0.04045843369082678,0.44834448373737246,0.6110538738630111,8305.6,375.2,0.045224562953575534,0.7218584167768485,0.1610796366432466,0.7201608252956421,-0.2403138254707749,-0.0396394105175118,-0.21162696798758307
slice_tyre_age_bin,16_plus,stream_tcn_proba,0.7218584167768485,0.044705004273736124,0.1610796366432466,0.046782932334552566,0.7201608252956421,0.025340625482875127,0.7606362113249208,0.6892252478088294,8305.6,375.2,0.045224562953575534,0.7218584167768485,0.1610796366432466,0.7201608252956421,0.0,0.0,0.0
slice_tyre_age_bin,6_15,stream_p_ann,0.06289685879992582,0.017122418280499808,0.2692792199730975,0.11547993237730445,0.07557885565649243,0.00976278313402485,0.09389170180596622,0.2237538562498047,7520.4,116.8,0.01554549356760162,0.4402127915414823,0.09541875889900264,0.4604839585123421,-0.3773159327415565,0.17386046107409486,-0.38490510285584967
slice_tyre_age_bin,6_15,stream_p_rf,0.15708092098610069,0.05760593957002533,0.06684599559572904,0.007794584262119828,0.15116905802193895,0.07421308763424896,0.19012042465975082,0.18007846290027227,7520.4,116.8,0.01554549356760162,0.4402127915414823,0.09541875889900264,0.4604839585123421,-0.2831318705553816,-0.0285727633032736,-0.3093149004904031
slice_tyre_age_bin,6_15,stream_p_svm,0.10694185703814356,0.04804679195428547,0.12546138850524174,0.06457965866919953,0.1475931031456924,0.03790330426144947,0.13939252225403373,0.20419495576819974,7520.4,116.8,0.01554549356760162,0.4402127915414823,0.09541875889900264,0.4604839585123421,-0.3332709345033387,0.030042629606239102,-0.3128908553666497
slice_tyre_age_bin,6_15,stream_p_xgb,0.2717476168859544,0.1483413319290704,0.06098479538825715,0.016851343662133762,0.28218622423166007,0.12481011339521297,0.31360518188779474,0.314849910556754,7520.4,116.8,0.01554549356760162,0.4402127915414823,0.09541875889900264,0.4604839585123421,-0.1684651746555279,-0.03443396351074549,-0.17829773428068202
slice_tyre_age_bin,6_15,stream_tcn_proba,0.4402127915414823,0.11696930393773465,0.09541875889900264,0.02145007946312226,0.4604839585123421,0.0961231707626646,0.6036757028161649,0.386183396025856,7520.4,116.8,0.01554549356760162,0.4402127915414823,0.09541875889900264,0.4604839585123421,0.0,0.0,0.0
slice_tyre_age_bin,nan,stream_p_ann,0.5617136730263125,0.24108108916304144,0.3003436340990857,0.18269234540523277,0.24331797235023042,0.3341951243033243,0.26181818181818184,0.3,139.4,5.2,0.051561114815581253,0.5127871763642897,0.3364697392239064,0.06666666666666667,0.048926496662022756,-0.03612610512482067,0.17665130568356374
slice_tyre_age_bin,nan,stream_p_rf,0.455390040593423,0.38734317254784406,0.38670503366864795,0.5498787514348846,0.15,0.291070819942883,0.15,0.21000000000000002,139.4,5.2,0.051561114815581253,0.5127871763642897,0.3364697392239064,0.06666666666666667,-0.05739713577086675,0.05023529444474156,0.08333333333333333
slice_tyre_age_bin,nan,stream_p_svm,0.3864224459878834,0.3780585885850052,0.5014435586951355,0.5342360500722932,0.14324942791762013,0.19628745871554,0.11988304093567251,0.27,139.4,5.2,0.051561114815581253,0.5127871763642897,0.3364697392239064,0.06666666666666667,-0.12636473037640633,0.16497381947122908,0.07658276125095347
slice_tyre_age_bin,nan,stream_p_xgb,0.45359217582955264,0.3747793635039585,0.24525843930840066,0.33123153904953845,0.18681318681318682,0.37620313777194925,0.23333333333333334,0.16,139.4,5.2,0.051561114815581253,0.5127871763642897,0.3364697392239064,0.06666666666666667,-0.059195000534737086,-0.09121129991550572,0.12014652014652015
slice_tyre_age_bin,nan,stream_tcn_proba,0.5127871763642897,0.29419305206652313,0.3364697392239064,0.22243252682358944,0.06666666666666667,0.14907119849998596,0.2,0.04,139.4,5.2,0.051561114815581253,0.5127871763642897,0.3364697392239064,0.06666666666666667,0.0,0.0,0.0
slice_undercut_pressure,NO_PRESSURE,stream_p_ann,0.07183802815118875,0.011287602284639856,0.3014976564988134,0.11073558600601904,0.10431739233056218,0.016320794816757054,0.1142668974895873,0.1987643124645339,19156.4,527.4,0.027532562812152484,0.6012242870485413,0.13534771144959817,0.6166815625423725,-0.5293862588973525,0.1661499450492152,-0.5123641702118104
slice_undercut_pressure,NO_PRESSURE,stream_p_rf,0.2393136188019203,0.044449011133028044,0.09918591471321721,0.008487857147301322,0.26827863599955526,0.029749621641017243,0.2277893720477402,0.3487542862308475,19156.4,527.4,0.027532562812152484,0.6012242870485413,0.13534771144959817,0.6166815625423725,-0.36191066824662094,-0.036161796736380966,-0.34840292654281724
slice_undercut_pressure,NO_PRESSURE,stream_p_svm,0.22543947929798286,0.04623530415983714,0.19584974680102377,0.06603385985219727,0.30378374003549174,0.03467660271995068,0.23946758987277167,0.42217311933579993,19156.4,527.4,0.027532562812152484,0.6012242870485413,0.13534771144959817,0.6166815625423725,-0.3757848077505584,0.06050203535142559,-0.31289782250688075
slice_undercut_pressure,NO_PRESSURE,stream_p_xgb,0.385973909555525,0.06683974945111021,0.0879039590021965,0.01259333150724505,0.42711019244426873,0.061686385064417454,0.3923220941487953,0.49301446060275167,19156.4,527.4,0.027532562812152484,0.6012242870485413,0.13534771144959817,0.6166815625423725,-0.21525037749301623,-0.04744375244740168,-0.18957137009810376
slice_undercut_pressure,NO_PRESSURE,stream_tcn_proba,0.6012242870485413,0.04658485710272852,0.13534771144959817,0.034019135039856443,0.6166815625423725,0.02440215214385634,0.6969979985187005,0.555779902610945,19156.4,527.4,0.027532562812152484,0.6012242870485413,0.13534771144959817,0.6166815625423725,0.0,0.0,0.0
slice_undercut_pressure,PRESSURE,stream_p_ann,0.23090852564449219,0.04982327150577269,0.4044540094934188,0.09284924904732023,0.183122937043112,0.11374350560868615,0.2324098124098124,0.23201477832512313,268.4,26.0,0.09688785784679108,0.7363322451608741,0.2387414706334099,0.6648910413969972,-0.505423719516382,0.16571253886000892,-0.4817681043538852
slice_undercut_pressure,PRESSURE,stream_p_rf,0.477774350693241,0.07001856930196787,0.2430493940820094,0.025917924138441833,0.4686744049855518,0.08278620123488797,0.4182580368670594,0.5669573070607553,268.4,26.0,0.09688785784679108,0.7363322451608741,0.2387414706334099,0.6648910413969972,-0.25855789446763316,0.00430792344859951,-0.19621663641144538
slice_undercut_pressure,PRESSURE,stream_p_svm,0.5378098750829575,0.06887869325978802,0.39058424420119575,0.07666003395266272,0.514251133377823,0.042271272039162956,0.45014949962318385,0.6190673234811166,268.4,26.0,0.09688785784679108,0.7363322451608741,0.2387414706334099,0.6648910413969972,-0.19852237007791662,0.15184277356778586,-0.15063990801917415
slice_undercut_pressure,PRESSURE,stream_p_xgb,0.6405175549441682,0.09804133631773802,0.20608342284951933,0.05065223798701558,0.5936564765022212,0.10378758713949454,0.5980676328502416,0.6001625615763547,268.4,26.0,0.09688785784679108,0.7363322451608741,0.2387414706334099,0.6648910413969972,-0.09581469021670597,-0.03265804778389056,-0.07123456489477598
slice_undercut_pressure,PRESSURE,stream_tcn_proba,0.7363322451608741,0.12852422122006715,0.2387414706334099,0.050151650122673135,0.6648910413969972,0.1344616866079416,0.861396213657877,0.5729261083743842,268.4,26.0,0.09688785784679108,0.7363322451608741,0.2387414706334099,0.6648910413969972,0.0,0.0,0.0
slice_wetness,DRY,stream_p_ann,0.07757982105003218,0.014775476455912413,0.3133939164226689,0.10125568134018166,0.11215539866904038,0.02068384043219182,0.11367436263751658,0.21033662370528186,16076.4,461.8,0.02869737387360652,0.6360216161913235,0.13307933427254337,0.6450724076216114,-0.5584417951412913,0.18031458215012552,-0.5329170089525711
slice_wetness,DRY,stream_p_rf,0.26659414917123586,0.05055547027583058,0.09991396532966855,0.007857013150124438,0.28431079293487516,0.031190196253397664,0.23908863447761614,0.37308742749386725,16076.4,461.8,0.02869737387360652,0.6360216161913235,0.13307933427254337,0.6450724076216114,-0.3694274670200876,-0.03316536894287482,-0.3607616146867363
slice_wetness,DRY,stream_p_svm,0.2535105509301258,0.04097551192741264,0.17506262312973284,0.043760717066917164,0.335637038183804,0.03594299519791612,0.27935404777521355,0.424544758000405,16076.4,461.8,0.02869737387360652,0.6360216161913235,0.13307933427254337,0.6450724076216114,-0.38251106526119766,0.041983288857189466,-0.3094353694378074
slice_wetness,DRY,stream_p_xgb,0.43017515256955063,0.06936208277511481,0.08464996519693632,0.011044125071860903,0.4591857126201669,0.057900918039666405,0.4386821229969252,0.5034166202880973,16076.4,461.8,0.02869737387360652,0.6360216161913235,0.13307933427254337,0.6450724076216114,-0.20584646362177283,-0.04842936907560705,-0.18588669500144456
slice_wetness,DRY,stream_tcn_proba,0.6360216161913235,0.05962531043434486,0.13307933427254337,0.03143606751070651,0.6450724076216114,0.02860944791414699,0.7118070290924722,0.5913935693889114,16076.4,461.8,0.02869737387360652,0.6360216161913235,0.13307933427254337,0.6450724076216114,0.0,0.0,0.0
slice_wetness,POST_RAIN,stream_p_ann,0.16050516908940976,0.09307467382794486,0.259622420216566,0.1120410989286228,0.12944743841472756,0.12121647228802276,0.332943722943723,0.18139439001227617,2243.8,59.0,0.02945372612323271,0.5404935816008892,0.19101764157128726,0.5313158262055238,-0.37998841251147947,0.06860477864527875,-0.4018683877907962
slice_wetness,POST_RAIN,stream_p_rf,0.28729456370950923,0.06012983961107159,0.10854494228142801,0.02642307033947951,0.31443093474687184,0.04495225166774062,0.3572953216374269,0.35568989877932966,2243.8,59.0,0.02945372612323271,0.5404935816008892,0.19101764157128726,0.5313158262055238,-0.25319901789138,-0.08247269928985924,-0.21688489145865192
slice_wetness,POST_RAIN,stream_p_svm,0.3828464191340122,0.12753526756007266,0.24795502580868467,0.19515562514591664,0.3619990001200776,0.1302017989654598,0.32745025417574436,0.5559483936719709,2243.8,59.0,0.02945372612323271,0.5404935816008892,0.19101764157128726,0.5313158262055238,-0.15764716246687704,0.056937384237397415,-0.16931682608544618
slice_wetness,POST_RAIN,stream_p_xgb,0.4441309121063023,0.19617113180721177,0.13097614887997014,0.07519810580642318,0.40959051447240424,0.21515015949158703,0.4147428402003551,0.5379871679058671,2243.8,59.0,0.02945372612323271,0.5404935816008892,0.19101764157128726,0.5313158262055238,-0.09636266949458694,-0.060041492691317117,-0.12172531173311951
slice_wetness,POST_RAIN,stream_tcn_proba,0.5404935816008892,0.1427970031578938,0.19101764157128726,0.1253972490244417,0.5313158262055238,0.0895884642529457,0.6263233499738909,0.46818150232784383,2243.8,59.0,0.02945372612323271,0.5404935816008892,0.19101764157128726,0.5313158262055238,0.0,0.0,0.0
slice_wetness,WET,stream_p_ann,0.058240721131915606,0.04135974194276049,0.29789283835211633,0.2892026189301297,0.03663411310470134,0.07075950224892075,0.04498028510767364,0.22608695652173916,1104.6,32.6,0.027888162585494352,0.5366547299555612,0.150730732904933,0.4164222038415587,-0.4784140088236456,0.14716210544718333,-0.3797880907368574
slice_wetness,WET,stream_p_rf,0.20273706204053532,0.12234683477574605,0.1200637521869973,0.06790720292084997,0.1471846282372598,0.08483532006477142,0.1708914508914509,0.3539503732981994,1104.6,32.6,0.027888162585494352,0.5366547299555612,0.150730732904933,0.4164222038415587,-0.33391766791502586,-0.030666980717935693,-0.2692375756042989
slice_wetness,WET,stream_p_svm,0.2622127714313779,0.2191767366786333,0.4636350169877792,0.4348961237909968,0.1571925175259345,0.10569049201934254,0.14351464978012718,0.534110671936759,1104.6,32.6,0.027888162585494352,0.5366547299555612,0.150730732904933,0.4164222038415587,-0.2744419585241833,0.3129042840828462,-0.2592296863156242
slice_wetness,WET,stream_p_xgb,0.2360427344285086,0.14676130157308964,0.14617889514308371,0.0848554500632637,0.2146901878895533,0.20993520144983535,0.24942609235174285,0.47901295564339036,1104.6,32.6,0.027888162585494352,0.5366547299555612,0.150730732904933,0.4164222038415587,-0.3006119955270526,-0.004551837761849281,-0.2017320159520054
slice_wetness,WET,stream_tcn_proba,0.5366547299555612,0.2525561209447753,0.150730732904933,0.056971849039451704,0.4164222038415587,0.20050481232362838,0.6805555555555556,0.4200653271848925,1104.6,32.6,0.027888162585494352,0.5366547299555612,0.150730732904933,0.4164222038415587,0.0,0.0,0.0
slice_wetness_x_fcy,DRY×GREEN,stream_p_ann,0.07757982105003218,0.014775476455912413,0.3133939164226689,0.10125568134018166,0.11215539866904038,0.02068384043219182,0.11367436263751658,0.21033662370528186,16076.4,461.8,0.02869737387360652,0.6360216161913235,0.13307933427254337,0.6450724076216114,-0.5584417951412913,0.18031458215012552,-0.5329170089525711
slice_wetness_x_fcy,DRY×GREEN,stream_p_rf,0.26659414917123586,0.05055547027583058,0.09991396532966855,0.007857013150124438,0.28431079293487516,0.031190196253397664,0.23908863447761614,0.37308742749386725,16076.4,461.8,0.02869737387360652,0.6360216161913235,0.13307933427254337,0.6450724076216114,-0.3694274670200876,-0.03316536894287482,-0.3607616146867363
slice_wetness_x_fcy,DRY×GREEN,stream_p_svm,0.2535105509301258,0.04097551192741264,0.17506262312973284,0.043760717066917164,0.335637038183804,0.03594299519791612,0.27935404777521355,0.424544758000405,16076.4,461.8,0.02869737387360652,0.6360216161913235,0.13307933427254337,0.6450724076216114,-0.38251106526119766,0.041983288857189466,-0.3094353694378074
slice_wetness_x_fcy,DRY×GREEN,stream_p_xgb,0.43017515256955063,0.06936208277511481,0.08464996519693632,0.011044125071860903,0.4591857126201669,0.057900918039666405,0.4386821229969252,0.5034166202880973,16076.4,461.8,0.02869737387360652,0.6360216161913235,0.13307933427254337,0.6450724076216114,-0.20584646362177283,-0.04842936907560705,-0.18588669500144456
slice_wetness_x_fcy,DRY×GREEN,stream_tcn_proba,0.6360216161913235,0.05962531043434486,0.13307933427254337,0.03143606751070651,0.6450724076216114,0.02860944791414699,0.7118070290924722,0.5913935693889114,16076.4,461.8,0.02869737387360652,0.6360216161913235,0.13307933427254337,0.6450724076216114,0.0,0.0,0.0
slice_wetness_x_fcy,POST_RAIN×GREEN,stream_p_ann,0.16050516908940976,0.09307467382794486,0.259622420216566,0.1120410989286228,0.12944743841472756,0.12121647228802276,0.332943722943723,0.18139439001227617,2243.8,59.0,0.02945372612323271,0.5404935816008892,0.19101764157128726,0.5313158262055238,-0.37998841251147947,0.06860477864527875,-0.4018683877907962
slice_wetness_x_fcy,POST_RAIN×GREEN,stream_p_rf,0.28729456370950923,0.06012983961107159,0.10854494228142801,0.02642307033947951,0.31443093474687184,0.04495225166774062,0.3572953216374269,0.35568989877932966,2243.8,59.0,0.02945372612323271,0.5404935816008892,0.19101764157128726,0.5313158262055238,-0.25319901789138,-0.08247269928985924,-0.21688489145865192
slice_wetness_x_fcy,POST_RAIN×GREEN,stream_p_svm,0.3828464191340122,0.12753526756007266,0.24795502580868467,0.19515562514591664,0.3619990001200776,0.1302017989654598,0.32745025417574436,0.5559483936719709,2243.8,59.0,0.02945372612323271,0.5404935816008892,0.19101764157128726,0.5313158262055238,-0.15764716246687704,0.056937384237397415,-0.16931682608544618
slice_wetness_x_fcy,POST_RAIN×GREEN,stream_p_xgb,0.4441309121063023,0.19617113180721177,0.13097614887997014,0.07519810580642318,0.40959051447240424,0.21515015949158703,0.4147428402003551,0.5379871679058671,2243.8,59.0,0.02945372612323271,0.5404935816008892,0.19101764157128726,0.5313158262055238,-0.09636266949458694,-0.060041492691317117,-0.12172531173311951
slice_wetness_x_fcy,POST_RAIN×GREEN,stream_tcn_proba,0.5404935816008892,0.1427970031578938,0.19101764157128726,0.1253972490244417,0.5313158262055238,0.0895884642529457,0.6263233499738909,0.46818150232784383,2243.8,59.0,0.02945372612323271,0.5404935816008892,0.19101764157128726,0.5313158262055238,0.0,0.0,0.0
slice_wetness_x_fcy,WET×GREEN,stream_p_ann,0.058240721131915606,0.04135974194276049,0.29789283835211633,0.2892026189301297,0.03663411310470134,0.07075950224892075,0.04498028510767364,0.22608695652173916,1104.6,32.6,0.027888162585494352,0.5366547299555612,0.150730732904933,0.4164222038415587,-0.4784140088236456,0.14716210544718333,-0.3797880907368574
slice_wetness_x_fcy,WET×GREEN,stream_p_rf,0.20273706204053532,0.12234683477574605,0.1200637521869973,0.06790720292084997,0.1471846282372598,0.08483532006477142,0.1708914508914509,0.3539503732981994,1104.6,32.6,0.027888162585494352,0.5366547299555612,0.150730732904933,0.4164222038415587,-0.33391766791502586,-0.030666980717935693,-0.2692375756042989
slice_wetness_x_fcy,WET×GREEN,stream_p_svm,0.2622127714313779,0.2191767366786333,0.4636350169877792,0.4348961237909968,0.1571925175259345,0.10569049201934254,0.14351464978012718,0.534110671936759,1104.6,32.6,0.027888162585494352,0.5366547299555612,0.150730732904933,0.4164222038415587,-0.2744419585241833,0.3129042840828462,-0.2592296863156242
slice_wetness_x_fcy,WET×GREEN,stream_p_xgb,0.2360427344285086,0.14676130157308964,0.14617889514308371,0.0848554500632637,0.2146901878895533,0.20993520144983535,0.24942609235174285,0.47901295564339036,1104.6,32.6,0.027888162585494352,0.5366547299555612,0.150730732904933,0.4164222038415587,-0.3006119955270526,-0.004551837761849281,-0.2017320159520054
slice_wetness_x_fcy,WET×GREEN,stream_tcn_proba,0.5366547299555612,0.2525561209447753,0.150730732904933,0.056971849039451704,0.4164222038415587,0.20050481232362838,0.6805555555555556,0.4200653271848925,1104.6,32.6,0.027888162585494352,0.5366547299555612,0.150730732904933,0.4164222038415587,0.0,0.0,0.0
