race_id,model_a,model_b,n_valid,pearson,spearman,disagree_rate,total_disagree,a_not_b,b_not_a
1,gru,lstm,548,0.7429966075813768,0.7920892599204731,0.05291970802919708,29,20,9
1,gru,tcn,548,0.7053728016000722,0.7411893549558741,0.08576642335766424,47,14,33
1,gru,tcn_gru,548,0.6943732408374815,0.6528962681997752,0.08394160583941605,46,13,33
1,lstm,tcn,548,0.5976127168363525,0.7102059766351314,0.08394160583941605,46,8,38
1,lstm,tcn_gru,548,0.6200254651438719,0.7337266003672058,0.08576642335766424,47,8,39
1,tcn,tcn_gru,548,0.7030244040288287,0.7882226542433021,0.09306569343065693,51,25,26
3,gru,lstm,703,0.96561866570874,0.7078516453516452,0.002844950213371266,2,1,1
3,gru,tcn,703,0.9112707135336992,0.4601561904193483,0.007112375533428165,5,4,1
3,gru,tcn_gru,703,0.9177981498276238,0.3617766528950739,0.007112375533428165,5,3,2
3,lstm,tcn,703,0.909847796029738,0.6078818052502263,0.007112375533428165,5,4,1
3,lstm,tcn_gru,703,0.9159650093499945,0.42138977171871905,0.007112375533428165,5,3,2
3,tcn,tcn_gru,703,0.9298564087256419,0.4930252644068433,0.002844950213371266,2,0,2
4,gru,lstm,459,0.8750894988797938,0.838918609023256,0.015250544662309368,7,4,3
4,gru,tcn,459,0.8523737070023948,0.6456047085627491,0.026143790849673203,12,4,8
4,gru,tcn_gru,459,0.7364171460372501,0.6103736298645779,0.05228758169934641,24,6,18
4,lstm,tcn,459,0.8401715518003413,0.6742018065374366,0.02832244008714597,13,4,9
4,lstm,tcn_gru,459,0.7679484894265302,0.7578393524361201,0.054466230936819175,25,6,19
4,tcn,tcn_gru,459,0.7769438052204893,0.6936242556006009,0.05228758169934641,24,8,16
5,gru,lstm,563,0.800948508944592,0.7530682031072118,0.04262877442273535,24,23,1
5,gru,tcn,563,0.6938474309739218,0.6763699507540877,0.05328596802841918,30,22,8
5,gru,tcn_gru,563,0.6731083306136862,0.48872893041676463,0.06039076376554174,34,22,12
5,lstm,tcn,563,0.7964396854513698,0.6498944730450683,0.028419182948490232,16,4,12
5,lstm,tcn_gru,563,0.7798218679536734,0.6510709846129556,0.03197158081705151,18,3,15
5,tcn,tcn_gru,563,0.7921414789290617,0.5940680711733013,0.028419182948490232,16,6,10
6,gru,lstm,439,0.8905574210732919,0.6782428932505382,0.015945330296127564,7,7,0
6,gru,tcn,439,0.8872225923283605,0.6894962512446208,0.025056947608200455,11,8,3
6,gru,tcn_gru,439,0.9014130248190151,0.584476209657974,0.01366742596810934,6,5,1
6,lstm,tcn,439,0.9478458309710752,0.5765072322753227,0.009111617312072893,4,1,3
6,lstm,tcn_gru,439,0.913136393956186,0.6106675706419832,0.00683371298405467,3,0,3
6,tcn,tcn_gru,439,0.9018571102580591,0.7296899156636417,0.015945330296127564,7,3,4
7,gru,lstm,709,0.9848655376404007,0.7605731445881668,0.0,0,0,0
7,gru,tcn,709,0.9006985188292079,0.5067572367820752,0.004231311706629055,3,2,1
7,gru,tcn_gru,709,0.9215222414982563,0.3996573065126914,0.0028208744710860366,2,0,2
7,lstm,tcn,709,0.8885690728265273,0.6949720555649644,0.004231311706629055,3,2,1
7,lstm,tcn_gru,709,0.9093205996191225,0.5094066634994399,0.0028208744710860366,2,0,2
7,tcn,tcn_gru,709,0.9195644296563241,0.5968138394566196,0.004231311706629055,3,0,3
8,gru,lstm,520,0.8697015524682632,0.8867207349139603,0.07692307692307693,40,24,16
8,gru,tcn,520,0.7775255463171546,0.8368927456775413,0.09038461538461538,47,15,32
8,gru,tcn_gru,520,0.8133012220595365,0.804077478666142,0.06538461538461539,34,10,24
8,lstm,tcn,520,0.711782167949375,0.7851040641650073,0.125,65,20,45
8,lstm,tcn_gru,520,0.7686260090549668,0.7922376249115621,0.10384615384615385,54,16,38
8,tcn,tcn_gru,520,0.8094399639054342,0.8284077632285279,0.07884615384615384,41,22,19
9,gru,lstm,696,0.9452871169384125,0.758061750273259,0.008620689655172414,6,4,2
9,gru,tcn,696,0.8696552870782042,0.4092489803734117,0.007183908045977011,5,5,0
9,gru,tcn_gru,696,0.8639166666635342,0.16435860958489926,0.007183908045977011,5,5,0
9,lstm,tcn,696,0.9005395790493544,0.5110557811110238,0.004310344827586207,3,3,0
9,lstm,tcn_gru,696,0.9025887241996615,0.17943118023268026,0.004310344827586207,3,3,0
9,tcn,tcn_gru,696,0.9950595340032364,0.36515199456721176,0.0,0,0,0
10,gru,lstm,560,0.8926033748147735,0.7750020840992115,0.026785714285714284,15,9,6
10,gru,tcn,560,0.7881758148707574,0.7140837274900202,0.044642857142857144,25,21,4
10,gru,tcn_gru,560,0.857072185872763,0.6093589720812704,0.030357142857142857,17,10,7
10,lstm,tcn,560,0.8831273648181661,0.7006397842923152,0.02857142857142857,16,15,1
10,lstm,tcn_gru,560,0.9516066228729946,0.6678296395806657,0.010714285714285714,6,3,3
10,tcn,tcn_gru,560,0.8898604507723067,0.7297164531774656,0.03214285714285714,18,2,16
11,gru,lstm,477,0.7695953618310822,0.7489415913203522,0.03563941299790356,17,16,1
11,gru,tcn,477,0.784937479717869,0.6788496720232262,0.025157232704402517,12,11,1
11,gru,tcn_gru,477,0.7394511544856045,0.5291168808251175,0.039832285115303984,19,12,7
11,lstm,tcn,477,0.8846605377910993,0.6136499282747755,0.018867924528301886,9,2,7
11,lstm,tcn_gru,477,0.8251354819657203,0.6034555923893201,0.029350104821802937,14,2,12
11,tcn,tcn_gru,477,0.863852137766832,0.6134589779702833,0.018867924528301886,9,2,7
12,gru,lstm,670,0.9152389217853711,0.8145492888022247,0.03582089552238806,24,17,7
12,gru,tcn,670,0.8467422449922896,0.5633389194717304,0.03731343283582089,25,19,6
12,gru,tcn_gru,670,0.8108113085206202,0.5382090569653453,0.04029850746268657,27,20,7
12,lstm,tcn,670,0.8361439235877226,0.5883157308962196,0.04328358208955224,29,16,13
12,lstm,tcn_gru,670,0.8161577211399524,0.6483975769172955,0.04328358208955224,29,16,13
12,tcn,tcn_gru,670,0.8071144751545927,0.5955200240668438,0.041791044776119404,28,14,14
13,gru,lstm,696,0.8685404515329441,0.7902684254417077,0.04454022988505747,31,25,6
13,gru,tcn,696,0.6980807237466808,0.6659715397918642,0.0617816091954023,43,27,16
13,gru,tcn_gru,696,0.731542972165084,0.604106125874544,0.06465517241379311,45,20,25
13,lstm,tcn,696,0.7244579715042694,0.7777094803650476,0.04597701149425287,32,12,20
13,lstm,tcn_gru,696,0.711608789360414,0.652214242063036,0.06609195402298851,46,11,35
13,tcn,tcn_gru,696,0.7699218709620959,0.7006772121510233,0.04310344827586207,30,7,23
14,gru,lstm,528,0.8778171748652205,0.6653412902117093,0.03409090909090909,18,17,1
14,gru,tcn,528,0.7595534477685216,0.3503518376788986,0.030303030303030304,16,11,5
14,gru,tcn_gru,528,0.7532469803701125,0.3799431979190071,0.03787878787878788,20,15,5
14,lstm,tcn,528,0.7922765282433091,0.5082052251131787,0.030303030303030304,16,3,13
14,lstm,tcn_gru,528,0.8054659587764996,0.5400489073776183,0.022727272727272728,12,3,9
14,tcn,tcn_gru,528,0.891358181296409,0.6336552737498994,0.01893939393939394,10,7,3
15,gru,lstm,529,0.8076431696250027,0.8222354713090171,0.05103969754253308,27,25,2
15,gru,tcn,529,0.5941483577761821,0.579587282389829,0.07561436672967864,40,25,15
15,gru,tcn_gru,529,0.6760028268725695,0.5496516778153544,0.08128544423440454,43,18,25
15,lstm,tcn,529,0.68494838614697,0.6356564539715376,0.05103969754253308,27,7,20
15,lstm,tcn_gru,529,0.7421990758076352,0.6295169208221603,0.05671077504725898,30,0,30
15,tcn,tcn_gru,529,0.6809472525585695,0.763222300401742,0.07372400756143667,39,11,28
16,gru,lstm,699,0.9355414060266836,0.8511522981488671,0.020028612303290415,14,6,8
16,gru,tcn,699,0.6920518630510444,0.6505166201409298,0.058655221745350504,41,35,6
16,gru,tcn_gru,699,0.7975284100927925,0.561095184805848,0.04005722460658083,28,18,10
16,lstm,tcn,699,0.6897231570081269,0.6719581039986366,0.06151645207439199,43,37,6
16,lstm,tcn_gru,699,0.7773878483216011,0.6027871522208499,0.05150214592274678,36,23,13
16,tcn,tcn_gru,699,0.7705744064721536,0.564693448391568,0.044349070100143065,31,5,26
17,gru,lstm,780,0.9629716378440647,0.720160542417318,0.0038461538461538464,3,1,2
17,gru,tcn,780,0.8136265746662876,0.26016863680173447,0.01282051282051282,10,10,0
17,gru,tcn_gru,780,0.8982275349459605,0.2813919306750492,0.008974358974358974,7,6,1
17,lstm,tcn,780,0.811492616886601,0.3859304123167148,0.014102564102564103,11,11,0
17,lstm,tcn_gru,780,0.8878543624124835,0.22980561718922565,0.010256410256410256,8,7,1
17,tcn,tcn_gru,780,0.7646303830893899,0.39467186703260404,0.014102564102564103,11,3,8
18,gru,lstm,527,0.8938233018046666,0.7024661536614915,0.0018975332068311196,1,0,1
18,gru,tcn,527,0.7526842201889397,0.4416883224638941,0.011385199240986717,6,1,5
18,gru,tcn_gru,527,0.6684289757815188,0.4295344025459609,0.013282732447817837,7,1,6
18,lstm,tcn,527,0.7990258947433068,0.3262419889401297,0.009487666034155597,5,1,4
18,lstm,tcn_gru,527,0.7351974626047101,0.5719623726970356,0.011385199240986717,6,1,5
18,tcn,tcn_gru,527,0.6872570439091423,0.5132465756838958,0.017077798861480076,9,4,5
19,gru,lstm,607,0.9098031654948717,0.843216742228285,0.009884678747940691,6,4,2
19,gru,tcn,607,0.9411330155570522,0.6225105873545821,0.008237232289950576,5,2,3
19,gru,tcn_gru,607,0.914321387275177,0.4030838540803703,0.0032948929159802307,2,2,0
19,lstm,tcn,607,0.812738519175554,0.632395963627404,0.018121911037891267,11,4,7
19,lstm,tcn_gru,607,0.8103874128537967,0.5275324338338628,0.013179571663920923,8,4,4
19,tcn,tcn_gru,607,0.9199322197817476,0.6366441047772513,0.008237232289950576,5,4,1
20,gru,lstm,653,0.893165343041907,0.7334836915247404,0.018376722817764167,12,8,4
20,gru,tcn,653,0.8013820364734622,0.6411395043773619,0.02909647779479326,19,13,6
20,gru,tcn_gru,653,0.8069931301730348,0.5370021559490809,0.036753445635528334,24,11,13
20,lstm,tcn,653,0.7641953724029935,0.6381135648096153,0.03215926493108729,21,12,9
20,lstm,tcn_gru,653,0.782776651279933,0.5591047066541365,0.036753445635528334,24,9,15
20,tcn,tcn_gru,653,0.8320306306742647,0.6351620530206775,0.026033690658499236,17,4,13
21,gru,lstm,558,0.8544668661856111,0.8490393356701167,0.05197132616487455,29,28,1
21,gru,tcn,558,0.7831004087459554,0.7851349452667502,0.06272401433691756,35,21,14
21,gru,tcn_gru,558,0.7774088657740892,0.6941523168071455,0.08781362007168458,49,20,29
21,lstm,tcn,558,0.7520320203320854,0.7835661097293382,0.07168458781362007,40,10,30
21,lstm,tcn_gru,558,0.7563723292186079,0.6685201544827583,0.08960573476702509,50,7,43
21,tcn,tcn_gru,558,0.8241449420478504,0.7805152158085096,0.07168458781362007,40,12,28
22,gru,lstm,546,0.8219515959096607,0.7372976318416835,0.01098901098901099,6,3,3
22,gru,tcn,546,0.6160682532281854,0.7836479137319416,0.08241758241758242,45,3,42
22,gru,tcn_gru,546,0.6146736998770718,0.6232721608096882,0.09706959706959707,53,3,50
22,lstm,tcn,546,0.647325627556299,0.7681721394852233,0.08608058608058608,47,4,43
22,lstm,tcn_gru,546,0.6483589815774421,0.7484493132950941,0.09340659340659341,51,2,49
22,tcn,tcn_gru,546,0.7245059644895774,0.7922110963521156,0.0989010989010989,54,23,31
23,gru,lstm,576,0.7790744258253117,0.7229602767940121,0.05381944444444445,31,8,23
23,gru,tcn,576,0.6563203941209692,0.6181539949262804,0.03819444444444445,22,22,0
23,gru,tcn_gru,576,0.6208475638853056,0.4746455931479667,0.03993055555555555,23,21,2
23,lstm,tcn,576,0.5785326470103024,0.706165322884485,0.0642361111111111,37,37,0
23,lstm,tcn_gru,576,0.5541507177129827,0.625657197397835,0.0625,36,35,1
23,tcn,tcn_gru,576,0.9090189147688814,0.5958945570542286,0.005208333333333333,3,0,3
25,gru,lstm,508,0.8367172017143649,0.7731659921533536,0.03937007874015748,20,16,4
25,gru,tcn,508,0.7688134328512543,0.6109302919713708,0.04330708661417323,22,14,8
25,gru,tcn_gru,508,0.7308734286898673,0.4979009428845749,0.051181102362204724,26,13,13
25,lstm,tcn,508,0.8439285924438518,0.7690206026417098,0.031496062992125984,16,5,11
25,lstm,tcn_gru,508,0.8100869242669431,0.6621454914827153,0.03543307086614173,18,3,15
25,tcn,tcn_gru,508,0.8014764020045745,0.6890498355693587,0.03543307086614173,18,6,12
26,gru,lstm,570,0.8317602033777215,0.8391200763443734,0.04912280701754386,28,25,3
26,gru,tcn,570,0.6634879367553248,0.5436913917053738,0.06491228070175438,37,29,8
26,gru,tcn_gru,570,0.6778718588128181,0.5598818159035983,0.06666666666666667,38,28,10
26,lstm,tcn,570,0.7493930306405558,0.5944121258088142,0.03684210526315789,21,10,11
26,lstm,tcn_gru,570,0.7790146614847436,0.6422808642880273,0.042105263157894736,24,10,14
26,tcn,tcn_gru,570,0.8262167161487834,0.656069181661475,0.02982456140350877,17,7,10
27,gru,lstm,440,0.9015876982105513,0.8290729337914499,0.013636363636363636,6,3,3
27,gru,tcn,440,0.8170195052157534,0.6824356249022698,0.038636363636363635,17,6,11
27,gru,tcn_gru,440,0.7900423181787778,0.6765435020560304,0.038636363636363635,17,6,11
27,lstm,tcn,440,0.8347986073693752,0.7370610948873233,0.038636363636363635,17,6,11
27,lstm,tcn_gru,440,0.8047176245474825,0.7908940175780396,0.038636363636363635,17,6,11
27,tcn,tcn_gru,440,0.7565906764095338,0.6890363351801685,0.05,22,11,11
28,gru,lstm,709,0.9668945462685311,0.8472165834287597,0.019746121297602257,14,7,7
28,gru,tcn,709,0.7389683775484527,0.40196259193178724,0.05218617771509168,37,32,5
28,gru,tcn_gru,709,0.7637386249978662,0.4300404949358603,0.05500705218617771,39,30,9
28,lstm,tcn,709,0.7228969051379276,0.504506463129137,0.04936530324400564,35,31,4
28,lstm,tcn_gru,709,0.7534907986426054,0.5635709886966367,0.05218617771509168,37,29,8
28,tcn,tcn_gru,709,0.8506524020702843,0.388285290139633,0.02538787023977433,18,6,12
29,gru,lstm,520,0.8611398781397659,0.8352124936738783,0.05576923076923077,29,17,12
29,gru,tcn,520,0.7150829367840608,0.7321873061091769,0.10384615384615385,54,36,18
29,gru,tcn_gru,520,0.7558285915808484,0.7034443117819904,0.0673076923076923,35,25,10
29,lstm,tcn,520,0.71819423626119,0.7513279947837767,0.09038461538461538,47,30,17
29,lstm,tcn_gru,520,0.7408170582256819,0.6838187840362404,0.07307692307692308,38,24,14
29,tcn,tcn_gru,520,0.6809972261600279,0.737137682860115,0.08269230769230769,43,20,23
30,gru,lstm,694,0.9630242315585082,0.7837858310978375,0.002881844380403458,2,1,1
30,gru,tcn,694,0.9581694302898038,0.5357990160138069,0.0,0,0,0
30,gru,tcn_gru,694,0.961774405356792,0.3117396318358316,0.0,0,0,0
30,lstm,tcn,694,0.9376669863299323,0.588149156560825,0.002881844380403458,2,1,1
30,lstm,tcn_gru,694,0.9392264381986404,0.3605359194810401,0.002881844380403458,2,1,1
30,tcn,tcn_gru,694,0.9971618447082952,0.5059473840142678,0.0,0,0,0
31,gru,lstm,555,0.8799280240447043,0.8181387761290624,0.012612612612612612,7,6,1
31,gru,tcn,555,0.8270133593803726,0.6952301365074396,0.012612612612612612,7,5,2
31,gru,tcn_gru,555,0.7939406753330671,0.5331392218647757,0.014414414414414415,8,7,1
31,lstm,tcn,555,0.9140796377797787,0.6504238700950645,0.007207207207207207,4,1,3
31,lstm,tcn_gru,555,0.9455140421397346,0.63046754517549,0.0018018018018018018,1,1,0
31,tcn,tcn_gru,555,0.9147995628062942,0.6680406791748764,0.009009009009009009,5,4,1
32,gru,lstm,525,0.8408329840921711,0.8196152937127598,0.01904761904761905,10,10,0
32,gru,tcn,525,0.7221278721388424,0.5788999506574174,0.02095238095238095,11,11,0
32,gru,tcn_gru,525,0.7000756749099544,0.22017755036882547,0.022857142857142857,12,11,1
32,lstm,tcn,525,0.9111844601991688,0.5115166417189463,0.0019047619047619048,1,1,0
32,lstm,tcn_gru,525,0.8704336276376375,0.29877025015445474,0.0038095238095238095,2,1,1
32,tcn,tcn_gru,525,0.95305698965246,0.37758221345020754,0.0019047619047619048,1,0,1
33,gru,lstm,640,0.7348800835887592,0.7037379241648541,0.1921875,123,25,98
33,gru,tcn,640,0.7588402284717852,0.7148216914592077,0.1390625,89,63,26
33,gru,tcn_gru,640,0.7234449599595366,0.7074816619425343,0.1640625,105,53,52
33,lstm,tcn,640,0.708342093632329,0.7098704159433984,0.234375,150,130,20
33,lstm,tcn_gru,640,0.6597724541707088,0.6615239081394243,0.25625,164,119,45
33,tcn,tcn_gru,640,0.7675393015157859,0.8189279331736652,0.146875,94,29,65
34,gru,lstm,693,0.8863836324398208,0.7491537741575223,0.017316017316017316,12,10,2
34,gru,tcn,693,0.7830038199202788,0.6221408260854546,0.01875901875901876,13,13,0
34,gru,tcn_gru,693,0.7047424020466785,0.4121554512852343,0.025974025974025976,18,12,6
34,lstm,tcn,693,0.8006533139885533,0.8031382919690628,0.012987012987012988,9,7,2
34,lstm,tcn_gru,693,0.729878935748822,0.5918920967312631,0.020202020202020204,14,6,8
34,tcn,tcn_gru,693,0.8221194507487316,0.6459600851248499,0.012987012987012988,9,1,8
35,gru,lstm,527,0.904892717313985,0.7844591997565282,0.024667931688804556,13,4,9
35,gru,tcn,527,0.8285248885135882,0.5072303689268935,0.026565464895635674,14,9,5
35,gru,tcn_gru,527,0.8165978269852553,0.3931292965877854,0.030360531309297913,16,9,7
35,lstm,tcn,527,0.857431111572748,0.7216816289532215,0.024667931688804556,13,11,2
35,lstm,tcn_gru,527,0.8216884490882834,0.6025823964276791,0.028462998102466792,15,11,4
35,tcn,tcn_gru,527,0.847470306521795,0.6500478646684303,0.018975332068311195,10,4,6
36,gru,lstm,524,0.7605251129513186,0.8241786855883448,0.10877862595419847,57,44,13
36,gru,tcn,524,0.543418105296058,0.5893133941212407,0.11641221374045801,61,52,9
36,gru,tcn_gru,524,0.6097193498444062,0.5191747968581562,0.1049618320610687,55,52,3
36,lstm,tcn,524,0.5898312564281546,0.5551734707281828,0.07633587786259542,40,26,14
36,lstm,tcn_gru,524,0.6409676878944632,0.48752649653558966,0.0648854961832061,34,26,8
36,tcn,tcn_gru,524,0.6854163653021232,0.6182156879507746,0.03816793893129771,20,13,7
37,gru,lstm,708,0.9164931305373074,0.7481249144322459,0.00847457627118644,6,6,0
37,gru,tcn,708,0.8242168516128774,0.6184643353600671,0.012711864406779662,9,7,2
37,gru,tcn_gru,708,0.7227331694926804,0.4525695550666137,0.01977401129943503,14,8,6
37,lstm,tcn,708,0.8094929103415209,0.7604865364326999,0.012711864406779662,9,4,5
37,lstm,tcn_gru,708,0.7315509250992522,0.5531870562755091,0.014124293785310734,10,3,7
37,tcn,tcn_gru,708,0.7972896961102333,0.6555033510775511,0.015536723163841809,11,4,7
38,gru,lstm,780,0.9319466763070278,0.739788982103976,0.010256410256410256,8,1,7
38,gru,tcn,780,0.846924588833658,0.259083771821301,0.014102564102564103,11,8,3
38,gru,tcn_gru,780,0.784954928020265,0.28389615772139415,0.021794871794871794,17,10,7
38,lstm,tcn,780,0.7884286969285806,0.327250879262306,0.021794871794871794,17,14,3
38,lstm,tcn_gru,780,0.7644424233900962,0.25198809940895317,0.02435897435897436,19,14,5
38,tcn,tcn_gru,780,0.8811992184781222,0.592674240727903,0.01282051282051282,10,4,6
39,gru,lstm,530,0.7820070921563811,0.7899626180013538,0.0509433962264151,27,19,8
39,gru,tcn,530,0.7338091423968185,0.6633636463841466,0.04339622641509434,23,13,10
39,gru,tcn_gru,530,0.7050192565699472,0.5992980220447194,0.04150943396226415,22,16,6
39,lstm,tcn,530,0.8158392118717582,0.7014903429668907,0.033962264150943396,18,5,13
39,lstm,tcn_gru,530,0.7808779283905426,0.7567367092999989,0.035849056603773584,19,9,10
39,tcn,tcn_gru,530,0.8085635055332936,0.7091622067610819,0.035849056603773584,19,13,6
40,gru,lstm,610,0.8242125707933036,0.8025305640174101,0.03114754098360656,19,8,11
40,gru,tcn,610,0.8074903640994352,0.6149549835560685,0.022950819672131147,14,13,1
40,gru,tcn_gru,610,0.7829751356352602,0.5020158701815607,0.02459016393442623,15,11,4
40,lstm,tcn,610,0.712575515469103,0.5533084142640042,0.03114754098360656,19,17,2
40,lstm,tcn_gru,610,0.7072295306029672,0.5732864663764979,0.03278688524590164,20,15,5
40,tcn,tcn_gru,610,0.8407571967063555,0.6046735843567806,0.014754098360655738,9,2,7
41,gru,lstm,660,0.9223176475493854,0.8467971272160446,0.01818181818181818,12,6,6
41,gru,tcn,660,0.8319225791421319,0.6125243212637812,0.025757575757575757,17,11,6
41,gru,tcn_gru,660,0.8694112023501294,0.49915566631445235,0.024242424242424242,16,11,5
41,lstm,tcn,660,0.8956537126684405,0.740782316680333,0.016666666666666666,11,8,3
41,lstm,tcn_gru,660,0.9201067840121038,0.6188522847013799,0.01818181818181818,12,9,3
41,tcn,tcn_gru,660,0.940956161037559,0.5897419832961467,0.010606060606060607,7,4,3
42,gru,lstm,557,0.8364274836992767,0.8888733572127645,0.13464991023339318,75,68,7
42,gru,tcn,557,0.7765797435637575,0.8331987563363336,0.13644524236983843,76,37,39
42,gru,tcn_gru,557,0.7404814029317646,0.8255246732133027,0.12028725314183124,67,43,24
42,lstm,tcn,557,0.7231397972513068,0.8399345503038119,0.1490125673249551,83,10,73
42,lstm,tcn_gru,557,0.752875260511118,0.8324054603540193,0.12567324955116696,70,14,56
42,tcn,tcn_gru,557,0.8244985022887604,0.8863459762102867,0.09156193895870736,51,36,15
43,gru,lstm,520,0.8433611764928307,0.8514468789284892,0.1076923076923077,56,31,25
43,gru,tcn,520,0.6515163027715625,0.7454776659108034,0.1423076923076923,74,35,39
43,gru,tcn_gru,520,0.689892086115201,0.6712066527328416,0.14038461538461539,73,19,54
43,lstm,tcn,520,0.6928820472697199,0.6669350165439277,0.12692307692307692,66,28,38
43,lstm,tcn_gru,520,0.7157146170531876,0.6710346846412437,0.14423076923076922,75,17,58
43,tcn,tcn_gru,520,0.7852532496537934,0.7343279034657328,0.11346153846153846,59,14,45
44,gru,lstm,550,0.7388781535595507,0.5019125592902035,0.02,11,4,7
44,gru,tcn,550,0.7082619981153643,0.42381143258475085,0.02181818181818182,12,5,7
44,gru,tcn_gru,550,0.6345619219790616,0.41067143422562774,0.04727272727272727,26,6,20
44,lstm,tcn,550,0.6793199109764981,0.4811891849980571,0.02727272727272727,15,8,7
44,lstm,tcn_gru,550,0.6559527607307063,0.6173513901924244,0.04909090909090909,27,8,19
44,tcn,tcn_gru,550,0.7864062930446836,0.5105387395720917,0.04363636363636364,24,6,18
45,gru,lstm,661,0.9548738464659159,0.7812121655328187,0.025718608169440244,17,6,11
45,gru,tcn,661,0.8854373758274834,0.506630237823477,0.04084720121028744,27,22,5
45,gru,tcn_gru,661,0.9096414409682073,0.5780968221644484,0.02723146747352496,18,14,4
45,lstm,tcn,661,0.8807877988786087,0.6778041809098846,0.039334341906202726,26,24,2
45,lstm,tcn_gru,661,0.9037305482860349,0.6451967651985021,0.03177004538577912,21,18,3
45,tcn,tcn_gru,661,0.8908834632393479,0.6730538193153199,0.03177004538577912,21,7,14
46,gru,lstm,455,0.8394032219145547,0.8494548808483425,0.06373626373626373,29,24,5
46,gru,tcn,455,0.681305186428067,0.6364535534023129,0.08351648351648351,38,34,4
46,gru,tcn_gru,455,0.7430199533488944,0.5178286702863564,0.07692307692307693,35,27,8
46,lstm,tcn,455,0.7499595759712222,0.6811188000499385,0.046153846153846156,21,16,5
46,lstm,tcn_gru,455,0.8091372484245656,0.7048571530486671,0.05274725274725275,24,12,12
46,tcn,tcn_gru,455,0.8060322153298609,0.651191134393082,0.041758241758241756,19,4,15
47,gru,lstm,440,0.7384003524300714,0.7406410814481105,0.04318181818181818,19,15,4
47,gru,tcn,440,0.6082314655864334,0.5608873824949321,0.05909090909090909,26,16,10
47,gru,tcn_gru,440,0.6578324121760695,0.5261449040166906,0.05227272727272727,23,13,10
47,lstm,tcn,440,0.5765108947355528,0.657632529093642,0.04772727272727273,21,8,13
47,lstm,tcn_gru,440,0.5985755011775016,0.6152852029194366,0.03636363636363636,16,4,12
47,tcn,tcn_gru,440,0.7250059989950429,0.7025534504545243,0.038636363636363635,17,7,10
48,gru,lstm,519,0.8469438197719162,0.8248868222856663,0.0674373795761079,35,26,9
48,gru,tcn,519,0.7085985534558986,0.6205622061113392,0.0905587668593449,47,14,33
48,gru,tcn_gru,519,0.6928884957920448,0.6073628605420514,0.10211946050096339,53,22,31
48,lstm,tcn,519,0.6238646690798385,0.5971664798254395,0.13102119460500963,68,16,52
48,lstm,tcn_gru,519,0.6732819760657128,0.6167884138982406,0.10789980732177264,56,15,41
48,tcn,tcn_gru,519,0.6805820788561333,0.643929004911664,0.10789980732177264,56,33,23
49,gru,lstm,600,0.8714777092948109,0.8403462231839531,0.045,27,10,17
49,gru,tcn,600,0.7285345230763765,0.7017165603237786,0.06,36,29,7
49,gru,tcn_gru,600,0.7387773875297338,0.5676122433673426,0.06,36,31,5
49,lstm,tcn,600,0.6893022618088155,0.773973316592546,0.075,45,37,8
49,lstm,tcn_gru,600,0.7235846520510707,0.568408690024139,0.07166666666666667,43,38,5
49,tcn,tcn_gru,600,0.8462103873045013,0.6773133258703496,0.023333333333333334,14,9,5
50,gru,lstm,630,0.9525646572069258,0.8256099458672407,0.020634920634920634,13,8,5
50,gru,tcn,630,0.8889999480553166,0.549283870827639,0.022222222222222223,14,9,5
50,gru,tcn_gru,630,0.8794054101131005,0.5423789595505827,0.025396825396825397,16,9,7
50,lstm,tcn,630,0.9108074052198954,0.7028387334717157,0.020634920634920634,13,7,6
50,lstm,tcn_gru,630,0.9177880955216516,0.6156335802835291,0.020634920634920634,13,6,7
50,tcn,tcn_gru,630,0.9419617693564288,0.6053146782334813,0.012698412698412698,8,3,5
51,gru,lstm,694,0.9475079694466761,0.7034500368566258,0.01729106628242075,12,7,5
51,gru,tcn,694,0.8594769273380788,0.5633541118001966,0.024495677233429394,17,11,6
51,gru,tcn_gru,694,0.8221696580011674,0.446996420603702,0.02881844380403458,20,14,6
51,lstm,tcn,694,0.888482246801914,0.7122779997492332,0.01585014409221902,11,7,4
51,lstm,tcn_gru,694,0.8086905628346388,0.7084423258204695,0.02881844380403458,20,13,7
51,tcn,tcn_gru,694,0.841075997026526,0.6751659041792354,0.024495677233429394,17,10,7
52,gru,lstm,530,0.897795574093981,0.7380940319178713,0.03773584905660377,20,9,11
52,gru,tcn,530,0.8777766097589998,0.6751078528393373,0.03962264150943396,21,3,18
52,gru,tcn_gru,530,0.90541431911804,0.4453863125583244,0.03773584905660377,20,3,17
52,lstm,tcn,530,0.9117474291507653,0.7907208573658416,0.035849056603773584,19,3,16
52,lstm,tcn_gru,530,0.876503051500685,0.6446384307741848,0.04905660377358491,26,7,19
52,tcn,tcn_gru,530,0.9213490058709123,0.6275848560890785,0.024528301886792454,13,7,6
54,gru,lstm,530,0.8498282860308397,0.7841496376156688,0.02830188679245283,15,13,2
54,gru,tcn,530,0.7512000768801206,0.712499040311743,0.03018867924528302,16,13,3
54,gru,tcn_gru,530,0.8368580095203599,0.5510129975542811,0.026415094339622643,14,9,5
54,lstm,tcn,530,0.8151762333939264,0.6661143295512045,0.024528301886792454,13,6,7
54,lstm,tcn_gru,530,0.8657531136381968,0.6484438138545332,0.024528301886792454,13,3,10
54,tcn,tcn_gru,530,0.8089540688997685,0.6857051487048289,0.026415094339622643,14,4,10
55,gru,lstm,783,0.8984633953892996,0.7657234807966166,0.022988505747126436,18,10,8
55,gru,tcn,783,0.7533924670271546,0.5233694927246261,0.035759897828863345,28,25,3
55,gru,tcn_gru,783,0.7652874123638321,0.49965873405834094,0.037037037037037035,29,24,5
55,lstm,tcn,783,0.6998578967576949,0.5485442302858174,0.038314176245210725,30,25,5
55,lstm,tcn_gru,783,0.7313137676801192,0.5813874775297425,0.037037037037037035,29,23,6
55,tcn,tcn_gru,783,0.9123014971548403,0.6521343419926691,0.011494252873563218,9,3,6
56,gru,lstm,652,0.9471271727244646,0.8181736944329725,0.006134969325153374,4,2,2
56,gru,tcn,652,0.8802704095424185,0.5721890511442849,0.010736196319018405,7,6,1
56,gru,tcn_gru,652,0.8912095864810465,0.4596502624575041,0.010736196319018405,7,5,2
56,lstm,tcn,652,0.8924985953318623,0.6609575775276924,0.010736196319018405,7,6,1
56,lstm,tcn_gru,652,0.9265337085117804,0.6034990812547789,0.010736196319018405,7,5,2
56,tcn,tcn_gru,652,0.9189895248331605,0.6314032965724119,0.009202453987730062,6,2,4
57,gru,lstm,706,0.8873334882174166,0.521223696458868,0.0113314447592068,8,8,0
57,gru,tcn,706,0.8415760712711376,0.34012927886380684,0.009915014164305949,7,5,2
57,gru,tcn_gru,706,0.8802909875541944,0.15733877631888657,0.009915014164305949,7,6,1
57,lstm,tcn,706,0.8458543853262344,0.5368706658072059,0.007082152974504249,5,0,5
57,lstm,tcn_gru,706,0.908546276748514,0.4287051729704342,0.00424929178470255,3,0,3
57,tcn,tcn_gru,706,0.8640243336323825,0.38609244101175483,0.0056657223796034,4,3,1
58,gru,lstm,580,0.7536425428249505,0.7986809998102623,0.13793103448275862,80,64,16
58,gru,tcn,580,0.6283021738692725,0.7596313737043172,0.12758620689655173,74,49,25
58,gru,tcn_gru,580,0.575506423221551,0.6729474881583046,0.15689655172413794,91,58,33
58,lstm,tcn,580,0.559960055977407,0.6743253470247923,0.12758620689655173,74,25,49
58,lstm,tcn_gru,580,0.6369246720658526,0.7403367983278478,0.11206896551724138,65,21,44
58,tcn,tcn_gru,580,0.6855649541237545,0.7612772025338138,0.09827586206896552,57,29,28
60,gru,lstm,577,0.8616017802845105,0.8505198057406265,0.09012131715771231,52,12,40
60,gru,tcn,577,0.733946635586444,0.6746741437935151,0.05199306759098787,30,30,0
60,gru,tcn_gru,577,0.7924525265451234,0.6160254613110409,0.05025996533795494,29,25,4
60,lstm,tcn,577,0.6557206142533089,0.7810396089825472,0.10051993067590988,58,58,0
60,lstm,tcn_gru,577,0.7047253348391087,0.6992391066427591,0.09532062391681109,55,52,3
60,tcn,tcn_gru,577,0.7674237481944823,0.656679964778245,0.036395147313691506,21,6,15
61,gru,lstm,709,0.9682731631497317,0.7021602349628838,0.0014104372355430183,1,0,1
61,gru,tcn,709,0.8421180730378612,0.413334136924533,0.007052186177715092,5,1,4
61,gru,tcn_gru,709,0.8944862744893892,0.4382094521029576,0.00846262341325811,6,1,5
61,lstm,tcn,709,0.8150766731436359,0.5899744141500288,0.00846262341325811,6,2,4
61,lstm,tcn_gru,709,0.8764670810864024,0.4987768564621431,0.009873060648801129,7,2,5
61,tcn,tcn_gru,709,0.8267639451714751,0.5493401563613965,0.012693935119887164,9,4,5
62,gru,lstm,450,0.8492362176178404,0.8680886325364571,0.03111111111111111,14,10,4
62,gru,tcn,450,0.71128987124341,0.622657165385179,0.051111111111111114,23,12,11
62,gru,tcn_gru,450,0.6914405688749721,0.6152943635935652,0.06222222222222222,28,10,18
62,lstm,tcn,450,0.812673772515217,0.7264156366204277,0.03333333333333333,15,5,10
62,lstm,tcn_gru,450,0.7358918365119432,0.7372199698105506,0.05333333333333334,24,5,19
62,tcn,tcn_gru,450,0.7476789624384439,0.7256294598985675,0.042222222222222223,19,5,14
63,gru,lstm,559,0.8789024105298522,0.8521339125990287,0.03398926654740608,19,17,2
63,gru,tcn,559,0.8120411310506932,0.6805496703846291,0.03756708407871199,21,12,9
63,gru,tcn_gru,559,0.7858895503990692,0.4837649659667663,0.03935599284436494,22,14,8
63,lstm,tcn,559,0.7917892639241737,0.7050690557254697,0.03935599284436494,22,5,17
63,lstm,tcn_gru,559,0.8376954036636692,0.680867607011643,0.026833631484794274,15,3,12
63,tcn,tcn_gru,559,0.8667131971472865,0.7094297612864753,0.03041144901610018,17,10,7
65,gru,lstm,520,0.8916309708359524,0.8594909744488698,0.0673076923076923,35,13,22
65,gru,tcn,520,0.8504727316853073,0.7957196587265484,0.09423076923076923,49,5,44
65,gru,tcn_gru,520,0.8631809033776072,0.8101797429269052,0.06538461538461539,34,7,27
65,lstm,tcn,520,0.8363149858768931,0.7267117225911451,0.07692307692307693,40,5,35
65,lstm,tcn_gru,520,0.8384025372156301,0.7554932923909878,0.07115384615384615,37,13,24
65,tcn,tcn_gru,520,0.8655455378689808,0.8252095834446359,0.07115384615384615,37,28,9
66,gru,lstm,711,0.940703290127497,0.6830723496146844,0.005625879043600563,4,2,2
66,gru,tcn,711,0.7984418100257107,0.41462340152897664,0.015471167369901548,11,10,1
66,gru,tcn_gru,711,0.8211328648586911,0.44054766183027144,0.016877637130801686,12,7,5
66,lstm,tcn,711,0.8108535100328141,0.4757915482274007,0.015471167369901548,11,10,1
66,lstm,tcn_gru,711,0.809963699808787,0.38562679829033464,0.016877637130801686,12,7,5
66,tcn,tcn_gru,711,0.8963569967154464,0.46258043687145395,0.009845288326300985,7,0,7
67,gru,lstm,630,0.8394613117473064,0.7744404927773998,0.07777777777777778,49,43,6
67,gru,tcn,630,0.6910048072727241,0.6775274122155823,0.09682539682539683,61,46,15
67,gru,tcn_gru,630,0.6673217606005027,0.6917898388206957,0.10793650793650794,68,40,28
67,lstm,tcn,630,0.7975461421181579,0.7250272739412295,0.050793650793650794,32,13,19
67,lstm,tcn_gru,630,0.7463768019297501,0.7532506470699816,0.07142857142857142,45,10,35
67,tcn,tcn_gru,630,0.736233196096814,0.7138865243274679,0.06825396825396825,43,12,31
68,gru,lstm,530,0.9312269840022891,0.7922084799565707,0.007547169811320755,4,4,0
68,gru,tcn,530,0.8570705437176923,0.7090670943501011,0.009433962264150943,5,5,0
68,gru,tcn_gru,530,0.8579962878423698,0.3667055378193747,0.011320754716981131,6,6,0
68,lstm,tcn,530,0.9251745010616248,0.6067873183720706,0.0018867924528301887,1,1,0
68,lstm,tcn_gru,530,0.9262924901594087,0.4112229823826425,0.0037735849056603774,2,2,0
68,tcn,tcn_gru,530,0.96373498763443,0.5510713546606795,0.0018867924528301887,1,1,0
69,gru,lstm,699,0.8681375391751223,0.5290622414220185,0.03719599427753934,26,17,9
69,gru,tcn,699,0.7451101165875107,0.43963384918634124,0.060085836909871244,42,21,21
69,gru,tcn_gru,699,0.7620692607436307,0.43274567433623956,0.04864091559370529,34,18,16
69,lstm,tcn,699,0.7483999739851817,0.495958884014764,0.05436337625178827,38,15,23
69,lstm,tcn_gru,699,0.7551995365538673,0.5395645964031418,0.05436337625178827,38,16,22
69,tcn,tcn_gru,699,0.731508547397507,0.8161031869983256,0.06294706723891273,44,23,21
70,gru,lstm,530,0.8998091712523536,0.7408767953727006,0.02830188679245283,15,5,10
70,gru,tcn,530,0.8058126285616419,0.605087224327659,0.026415094339622643,14,11,3
70,gru,tcn_gru,530,0.8334262944923184,0.4638571427707818,0.03018867924528302,16,8,8
70,lstm,tcn,530,0.8122111039452482,0.670765971278067,0.035849056603773584,19,16,3
70,lstm,tcn_gru,530,0.8390359953480107,0.6205994137287109,0.035849056603773584,19,12,7
70,tcn,tcn_gru,530,0.8671877165875238,0.522927431044006,0.022641509433962263,12,2,10
71,gru,lstm,705,0.8629408838430477,0.8530735448024944,0.014184397163120567,10,10,0
71,gru,tcn,705,0.8451601163074626,0.7412372055495587,0.011347517730496455,8,7,1
71,gru,tcn_gru,705,0.823695705069485,0.47677968202913956,0.01276595744680851,9,9,0
71,lstm,tcn,705,0.9126437053021264,0.7523769390304711,0.005673758865248227,4,0,4
71,lstm,tcn_gru,705,0.9515216775351554,0.5120053451761909,0.0014184397163120568,1,0,1
71,tcn,tcn_gru,705,0.9325986311244716,0.6110153848472064,0.00425531914893617,3,3,0
72,gru,lstm,777,0.975618032987279,0.6832095089588531,0.001287001287001287,1,0,1
72,gru,tcn,777,0.9627982220820989,0.1867072102939911,0.0,0,0,0
72,gru,tcn_gru,777,0.9552167437534541,0.11625389203371342,0.001287001287001287,1,0,1
72,lstm,tcn,777,0.9444353050578734,0.3603699617931193,0.001287001287001287,1,1,0
72,lstm,tcn_gru,777,0.984944625805805,0.23011971332407027,0.0,0,0,0
72,tcn,tcn_gru,777,0.9532899502475822,0.54125269228097,0.001287001287001287,1,0,1
74,gru,lstm,567,0.8462057598658459,0.6958559365616549,0.06172839506172839,35,14,21
74,gru,tcn,567,0.5924736888028516,0.6059256994657383,0.08465608465608465,48,47,1
74,gru,tcn_gru,567,0.6571624419653481,0.43561743448519946,0.07760141093474426,44,39,5
74,lstm,tcn,567,0.5840859571365576,0.6350993673071014,0.09700176366843033,55,54,1
74,lstm,tcn_gru,567,0.6465945812040967,0.4212389241877123,0.08641975308641975,49,45,4
74,tcn,tcn_gru,567,0.742776113765177,0.49895545238450734,0.024691358024691357,14,1,13
76,gru,lstm,500,0.7601122389692242,0.8217179748718995,0.098,49,14,35
76,gru,tcn,500,0.6428888964668613,0.7968837315349261,0.082,41,29,12
76,gru,tcn_gru,500,0.6739937566703329,0.7568005952023809,0.11,55,29,26
76,lstm,tcn,500,0.6328698915042619,0.7458318793275173,0.104,52,45,7
76,lstm,tcn_gru,500,0.6144101757118168,0.7290580202320809,0.132,66,45,21
76,tcn,tcn_gru,500,0.7465594888711428,0.8040210720842882,0.072,36,11,25
77,gru,lstm,656,0.942285565446723,0.7953489014655911,0.019817073170731708,13,10,3
77,gru,tcn,656,0.8899240270421362,0.6172434578052776,0.028963414634146343,19,17,2
77,gru,tcn_gru,656,0.937182233857054,0.47045396000336664,0.013719512195121951,9,9,0
77,lstm,tcn,656,0.8780164790087777,0.7234992335806449,0.024390243902439025,16,12,4
77,lstm,tcn_gru,656,0.9154687458317587,0.5579233648657724,0.018292682926829267,12,7,5
77,tcn,tcn_gru,656,0.9073533624230756,0.6524984930911737,0.01524390243902439,10,2,8
78,gru,lstm,703,0.970878162177964,0.7688618872829399,0.001422475106685633,1,0,1
78,gru,tcn,703,0.9556138250441593,0.5066016052858158,0.0,0,0,0
78,gru,tcn_gru,703,0.903702942662963,0.24993375322322692,0.004267425320056899,3,2,1
78,lstm,tcn,703,0.9548768802260833,0.5762351880772932,0.001422475106685633,1,1,0
78,lstm,tcn_gru,703,0.9149514683139058,0.24093697120012905,0.005689900426742532,4,3,1
78,tcn,tcn_gru,703,0.9133663417577905,0.46315584309005353,0.004267425320056899,3,2,1
79,gru,lstm,140,0.9381456864695465,0.6930309855459098,0.02142857142857143,3,1,2
79,gru,tcn,140,0.7618808397478579,0.43736196453171816,0.06428571428571428,9,4,5
79,gru,tcn_gru,140,0.7561738847174728,0.46711858476744444,0.05714285714285714,8,3,5
79,lstm,tcn,140,0.710734116031557,0.6897771752203101,0.04285714285714286,6,3,3
79,lstm,tcn_gru,140,0.6759400901224867,0.6556252870044391,0.06428571428571428,9,4,5
79,tcn,tcn_gru,140,0.8675381355198947,0.7771096192954452,0.02142857142857143,3,1,2
80,gru,lstm,579,0.9020600976201902,0.8367596209783666,0.03626943005181347,21,17,4
80,gru,tcn,579,0.7756754762872659,0.8457229002437665,0.06390328151986183,37,26,11
80,gru,tcn_gru,579,0.7083176326891315,0.6675478645567047,0.07081174438687392,41,29,12
80,lstm,tcn,579,0.8375004302015601,0.7806256812071224,0.055267702936096716,32,17,15
80,lstm,tcn_gru,579,0.7248112777812009,0.6771945301888742,0.0690846286701209,40,22,18
80,tcn,tcn_gru,579,0.7515422762104536,0.7772635859670253,0.06217616580310881,36,19,17
81,gru,lstm,558,0.8872440527643076,0.8824888517392434,0.05555555555555555,31,19,12
81,gru,tcn,558,0.8005830802201901,0.8461829930621725,0.07706093189964158,43,21,22
81,gru,tcn_gru,558,0.7700645174758991,0.7146642688845116,0.08243727598566308,46,28,18
81,lstm,tcn,558,0.8509264316226627,0.7843143978923883,0.053763440860215055,30,11,19
81,lstm,tcn_gru,558,0.8405992141675996,0.7302145588876159,0.05913978494623656,33,18,15
81,tcn,tcn_gru,558,0.8169292613960603,0.8080527589430848,0.06630824372759857,37,24,13
82,gru,lstm,580,0.8629467563376308,0.8600668479579515,0.05862068965517241,34,5,29
82,gru,tcn,580,0.6489216987674168,0.7503435114151699,0.05344827586206897,31,29,2
82,gru,tcn_gru,580,0.6706826309430494,0.47279865012514394,0.05517241379310345,32,26,6
82,lstm,tcn,580,0.5439266271813925,0.7897622189413618,0.10172413793103448,59,55,4
82,lstm,tcn_gru,580,0.5656353565116957,0.6017000132539654,0.1,58,51,7
82,tcn,tcn_gru,580,0.8315895972175317,0.6544531324716923,0.01896551724137931,11,2,9
83,gru,lstm,579,0.8526819993824601,0.8387603838685208,0.05872193436960276,34,22,12
83,gru,tcn,579,0.6894416263373273,0.5090251636288101,0.0690846286701209,40,37,3
83,gru,tcn_gru,579,0.75357288654856,0.6080026806253722,0.06390328151986183,37,32,5
83,lstm,tcn,579,0.6960398282794581,0.6141597111156312,0.06563039723661486,38,31,7
83,lstm,tcn_gru,579,0.763723987405351,0.6723126514265861,0.05699481865284974,33,25,8
83,tcn,tcn_gru,579,0.7913975370446998,0.6291069177568558,0.039723661485319514,23,8,15
84,gru,lstm,705,0.9824431640103465,0.7117535314874988,0.0028368794326241137,2,1,1
84,gru,tcn,705,0.9380573581880952,0.38333796801113423,0.00851063829787234,6,4,2
84,gru,tcn_gru,705,0.9418727996236098,0.3431603799431237,0.009929078014184398,7,2,5
84,lstm,tcn,705,0.9373822986144622,0.6373148982745301,0.00851063829787234,6,4,2
84,lstm,tcn_gru,705,0.9516960496949319,0.5177330192711274,0.009929078014184398,7,2,5
84,tcn,tcn_gru,705,0.9471086270886472,0.6959057416123748,0.01276595744680851,9,2,7
85,gru,lstm,510,0.9522776015979522,0.8688950790909254,0.027450980392156862,14,1,13
85,gru,tcn,510,0.8669876831237908,0.638312561076857,0.03725490196078431,19,1,18
85,gru,tcn_gru,510,0.8232415600428561,0.5594883667598967,0.03529411764705882,18,2,16
85,lstm,tcn,510,0.8864266714609379,0.6872740085618984,0.03333333333333333,17,6,11
85,lstm,tcn_gru,510,0.7941713652003127,0.650537770346721,0.058823529411764705,30,14,16
85,tcn,tcn_gru,510,0.8159163132019228,0.7567841023429314,0.056862745098039215,29,16,13
86,gru,lstm,570,0.8892704767847367,0.8816885765795072,0.03333333333333333,19,16,3
86,gru,tcn,570,0.7173681780602699,0.6954940328824456,0.06842105263157895,39,20,19
86,gru,tcn_gru,570,0.7249796623253177,0.6411387441700506,0.06666666666666667,38,19,19
86,lstm,tcn,570,0.7149685805948532,0.7371965797954053,0.05263157894736842,30,9,21
86,lstm,tcn_gru,570,0.7593710148322157,0.7137209766079532,0.04736842105263158,27,7,20
86,tcn,tcn_gru,570,0.7720165258274044,0.7304140347421328,0.04736842105263158,27,13,14
87,gru,lstm,439,0.8351369568538671,0.8427143939157544,0.03189066059225513,14,5,9
87,gru,tcn,439,0.7604960120573174,0.811581710952947,0.04555808656036447,20,5,15
87,gru,tcn_gru,439,0.7740267869694718,0.7701359083391723,0.04783599088838269,21,4,17
87,lstm,tcn,439,0.7799671434566128,0.8328423877430023,0.05466970387243736,24,9,15
87,lstm,tcn_gru,439,0.7571079390491969,0.8080625898892819,0.05694760820045558,25,8,17
87,tcn,tcn_gru,439,0.7776366737932743,0.8285052919433672,0.05694760820045558,25,11,14
88,gru,lstm,520,0.8949020130664311,0.895293706991975,0.09038461538461538,47,28,19
88,gru,tcn,520,0.7293020744440316,0.7997194743835816,0.14807692307692308,77,42,35
88,gru,tcn_gru,520,0.6757702480729939,0.7443953337333119,0.16153846153846155,84,37,47
88,lstm,tcn,520,0.6889781837150217,0.7644065308616581,0.16153846153846155,84,41,43
88,lstm,tcn_gru,520,0.7195964041989898,0.777546173219234,0.16346153846153846,85,33,52
88,tcn,tcn_gru,520,0.7034180142920949,0.7568579424081846,0.14038461538461539,73,28,45
89,gru,lstm,700,0.932284449368928,0.8489545372250031,0.02,14,4,10
89,gru,tcn,700,0.8064424661301637,0.5313828803732252,0.02857142857142857,20,20,0
89,gru,tcn_gru,700,0.8555171158746622,0.5599826471949069,0.03,21,19,2
89,lstm,tcn,700,0.792261718116373,0.5989996947515636,0.037142857142857144,26,26,0
89,lstm,tcn_gru,700,0.842484683746358,0.5838847018055139,0.03571428571428571,25,24,1
89,tcn,tcn_gru,700,0.9373492373552248,0.5044603881115791,0.01,7,2,5
90,gru,lstm,432,0.9566672549634943,0.7823572716712898,0.018518518518518517,8,6,2
90,gru,tcn,432,0.8750015591023159,0.5152569916653122,0.027777777777777776,12,8,4
90,gru,tcn_gru,432,0.886136666519092,0.4533396800561084,0.032407407407407406,14,7,7
90,lstm,tcn,432,0.8797264271677758,0.6441273166877728,0.032407407407407406,14,7,7
90,lstm,tcn_gru,432,0.9031593270082405,0.5422725375638469,0.032407407407407406,14,5,9
90,tcn,tcn_gru,432,0.9435399877775363,0.6357615204032849,0.027777777777777776,12,4,8
91,gru,lstm,629,0.8326913618076123,0.8079931507807118,0.03656597774244833,23,15,8
91,gru,tcn,629,0.6907543107251951,0.5198248347367868,0.03179650238473768,20,17,3
91,gru,tcn_gru,629,0.7362808905883377,0.5386368491276696,0.034976152623211444,22,17,5
91,lstm,tcn,629,0.6372534919571168,0.671576222156964,0.030206677265500796,19,13,6
91,lstm,tcn_gru,629,0.7806070923697521,0.5455516480994187,0.017488076311605722,11,8,3
91,tcn,tcn_gru,629,0.8463859834382762,0.5561050586528293,0.012718600953895072,8,3,5
92,gru,lstm,530,0.9089794150902825,0.826990524426056,0.009433962264150943,5,1,4
92,gru,tcn,530,0.9468062169815035,0.5340206817101454,0.0037735849056603774,2,1,1
92,gru,tcn_gru,530,0.9129862924049583,0.45002248743584183,0.0037735849056603774,2,1,1
92,lstm,tcn,530,0.9038276352341296,0.4203480509713859,0.005660377358490566,3,3,0
92,lstm,tcn_gru,530,0.8657466810917861,0.5638003083455764,0.009433962264150943,5,4,1
92,tcn,tcn_gru,530,0.9546384714860935,0.3278577668020562,0.0037735849056603774,2,1,1
93,gru,lstm,697,0.7506521385662418,0.7306326590294737,0.07173601147776183,50,35,15
93,gru,tcn,697,0.6637353638933713,0.5383278400223863,0.06743185078909612,47,34,13
93,gru,tcn_gru,697,0.6522162285446881,0.5399131768159078,0.07317073170731707,51,36,15
93,lstm,tcn,697,0.6171404478159808,0.6037488002061712,0.06456241032998565,45,23,22
93,lstm,tcn_gru,697,0.6666445369475403,0.6027725213581376,0.058823529411764705,41,21,20
93,tcn,tcn_gru,697,0.6536027684707063,0.582072666786404,0.04591104734576758,32,16,16
94,gru,lstm,528,0.8788744649150031,0.7932583113682752,0.032196969696969696,17,6,11
94,gru,tcn,528,0.8119529863975189,0.4602539511832762,0.026515151515151516,14,14,0
94,gru,tcn_gru,528,0.7918306394040934,0.4642021181022843,0.03598484848484849,19,10,9
94,lstm,tcn,528,0.7586608452725095,0.6338872886797259,0.03977272727272727,21,20,1
94,lstm,tcn_gru,528,0.8484701711801977,0.6481328912386403,0.026515151515151516,14,10,4
94,tcn,tcn_gru,528,0.8150437891454889,0.5744339928122656,0.032196969696969696,17,2,15
95,gru,lstm,280,0.9302628047933628,0.8608081735736425,0.05714285714285714,16,10,6
95,gru,tcn,280,0.8201486726895587,0.819259174224161,0.11428571428571428,32,18,14
95,gru,tcn_gru,280,0.582011112186068,0.5860772641050451,0.2,56,42,14
95,lstm,tcn,280,0.8065046355119038,0.8302912026939119,0.10714285714285714,30,15,15
95,lstm,tcn_gru,280,0.6225967713574645,0.7333972918750785,0.18571428571428572,52,38,14
95,tcn,tcn_gru,280,0.600782285703156,0.7201037549677202,0.2,56,40,16
96,gru,lstm,705,0.9150252551627757,0.7938824307812012,0.005673758865248227,4,3,1
96,gru,tcn,705,0.8580575292536045,0.6293894622495221,0.00425531914893617,3,3,0
96,gru,tcn_gru,705,0.8481262309845118,0.32786460759119135,0.00851063829787234,6,3,3
96,lstm,tcn,705,0.933298869788866,0.6500784927205879,0.0014184397163120568,1,1,0
96,lstm,tcn_gru,705,0.9236091935518264,0.40385213642664974,0.0028368794326241137,2,0,2
96,tcn,tcn_gru,705,0.9081126401876471,0.4441116418540173,0.00425531914893617,3,0,3
97,gru,lstm,570,0.8019626919515523,0.7375444773849558,0.03684210526315789,21,16,5
97,gru,tcn,570,0.7559723782344041,0.7280637010918859,0.031578947368421054,18,18,0
97,gru,tcn_gru,570,0.7588561773483647,0.5807246980883615,0.03333333333333333,19,17,2
97,lstm,tcn,570,0.8718350878810386,0.6320098829093609,0.015789473684210527,9,8,1
97,lstm,tcn_gru,570,0.8666581763544661,0.6364121578835594,0.017543859649122806,10,7,3
97,tcn,tcn_gru,570,0.9115512067835437,0.6294363219922111,0.008771929824561403,5,1,4
98,gru,lstm,640,0.8539524515618888,0.8674781463089511,0.065625,42,27,15
98,gru,tcn,640,0.7540849161672681,0.7287743622420955,0.053125,34,24,10
98,gru,tcn_gru,640,0.7550078809944918,0.6183543538924657,0.05,32,24,8
98,lstm,tcn,640,0.7802291397091239,0.705513593783188,0.065625,42,22,20
98,lstm,tcn_gru,640,0.7840136604597876,0.6704705547376826,0.059375,38,21,17
98,tcn,tcn_gru,640,0.8545833707366071,0.7428590523902648,0.03125,20,11,9
99,gru,lstm,500,0.8635526911316102,0.8212364369457477,0.08,40,10,30
99,gru,tcn,500,0.6842970624166635,0.7470811323245292,0.086,43,24,19
99,gru,tcn_gru,500,0.698151882079489,0.7243684974739898,0.078,39,28,11
99,lstm,tcn,500,0.6619641442404113,0.745126660506642,0.126,63,44,19
99,lstm,tcn_gru,500,0.6038695123616233,0.7126557786231145,0.13,65,51,14
99,tcn,tcn_gru,500,0.7275728058719865,0.791937215748863,0.064,32,22,10
100,gru,lstm,590,0.6755598770127563,0.679269442196967,0.04745762711864407,28,17,11
100,gru,tcn,590,0.5364671783794236,0.6396273590782984,0.06610169491525424,39,18,21
100,gru,tcn_gru,590,0.51309386499359,0.6163345699287476,0.08305084745762711,49,17,32
100,lstm,tcn,590,0.7832754063788904,0.7482924714433227,0.03559322033898305,21,6,15
100,lstm,tcn_gru,590,0.6560193354568512,0.6953660319017954,0.06271186440677966,37,8,29
100,tcn,tcn_gru,590,0.6357057011529393,0.818281619767141,0.06440677966101695,38,13,25
101,gru,lstm,658,0.9127034954248048,0.861677485083514,0.025835866261398176,17,10,7
101,gru,tcn,658,0.7849803106327811,0.6602726331367582,0.034954407294832825,23,18,5
101,gru,tcn_gru,658,0.8017750030225581,0.6785578601601306,0.0364741641337386,24,18,6
101,lstm,tcn,658,0.7817070832405778,0.6819251710901918,0.0364741641337386,24,17,7
101,lstm,tcn_gru,658,0.8219408299427121,0.7237544406272589,0.031914893617021274,21,15,6
101,tcn,tcn_gru,658,0.8852814692079191,0.7556569323503759,0.019756838905775075,13,6,7
102,gru,lstm,710,0.8971287479298855,0.8403671042819137,0.054929577464788736,39,11,28
102,gru,tcn,710,0.8086659924914036,0.5865902598106357,0.04788732394366197,34,18,16
102,gru,tcn_gru,710,0.7998333954077541,0.6674915046449209,0.05211267605633803,37,22,15
102,lstm,tcn,710,0.753066993731048,0.6155586809197354,0.06056338028169014,43,31,12
102,lstm,tcn_gru,710,0.7757568581711457,0.6838065426953776,0.059154929577464786,42,33,9
102,tcn,tcn_gru,710,0.8043218846539976,0.7012724613198463,0.04084507042253521,29,17,12
103,gru,lstm,559,0.8840718036725742,0.9015071075461172,0.09838998211091235,55,25,30
103,gru,tcn,559,0.723032661420171,0.8535912824359936,0.1037567084078712,58,28,30
103,gru,tcn_gru,559,0.7362275797889862,0.7924115644295688,0.12701252236135957,71,32,39
103,lstm,tcn,559,0.766772867941838,0.8423502166750478,0.09123434704830054,51,27,24
103,lstm,tcn_gru,559,0.7518473278566062,0.8031259875408411,0.11091234347048301,62,30,32
103,tcn,tcn_gru,559,0.7605213804286551,0.8217631330909649,0.08050089445438283,45,20,25
104,gru,lstm,580,0.8661031820541547,0.8618895603342952,0.05172413793103448,30,6,24
104,gru,tcn,580,0.7525066399339773,0.7441498196261399,0.022413793103448276,13,12,1
104,gru,tcn_gru,580,0.7110967501252636,0.5015585248674834,0.02413793103448276,14,11,3
104,lstm,tcn,580,0.6714231890987965,0.7959145189963767,0.05344827586206897,31,30,1
104,lstm,tcn_gru,580,0.6603373988519492,0.6620256671803219,0.05517241379310345,32,29,3
104,tcn,tcn_gru,580,0.8072127470529566,0.6510895159288984,0.01206896551724138,7,2,5
105,gru,lstm,347,0.8767362615352269,0.825826196694926,0.069164265129683,24,12,12
105,gru,tcn,347,0.7184794535532253,0.6491746505684707,0.07780979827089338,27,12,15
105,gru,tcn_gru,347,0.7897350389454116,0.6822495159110322,0.05475504322766571,19,11,8
105,lstm,tcn,347,0.7443806003353401,0.5996485149339508,0.07780979827089338,27,12,15
105,lstm,tcn_gru,347,0.7933473560098575,0.7501965938288205,0.06051873198847262,21,12,9
105,tcn,tcn_gru,347,0.8627547972079177,0.6378224698848124,0.040345821325648415,14,10,4
106,gru,lstm,709,0.9414081612299231,0.7086925896657947,0.018335684062059238,13,7,6
106,gru,tcn,709,0.8450795876666419,0.3734107833633726,0.02538787023977433,18,12,6
106,gru,tcn_gru,709,0.8919434491055205,0.36275987785862696,0.022566995768688293,16,8,8
106,lstm,tcn,709,0.807672516103599,0.5205862556948634,0.029619181946403384,21,13,8
106,lstm,tcn_gru,709,0.865582798549764,0.5830642817965381,0.023977433004231313,17,8,9
106,tcn,tcn_gru,709,0.8677836110852206,0.6374806944509447,0.019746121297602257,14,4,10
107,gru,lstm,509,0.854037573307013,0.7972622484942186,0.03732809430255403,19,6,13
107,gru,tcn,509,0.7842290875848636,0.6489631287132678,0.04911591355599214,25,6,19
107,gru,tcn_gru,509,0.7021191055208559,0.567425980339075,0.01768172888015717,9,5,4
107,lstm,tcn,509,0.8361652623179952,0.7186713269531937,0.019646365422396856,10,2,8
107,lstm,tcn_gru,509,0.7027092559421364,0.7227906938652201,0.03536345776031434,18,13,5
107,tcn,tcn_gru,509,0.7510268450634134,0.7600095911390251,0.043222003929273084,22,18,4
108,gru,lstm,570,0.918142860589449,0.7898648017092277,0.014035087719298246,8,7,1
108,gru,tcn,570,0.8584839001068079,0.7131042991336094,0.01929824561403509,11,8,3
108,gru,tcn_gru,570,0.8394312394519513,0.4561286333356067,0.02982456140350877,17,6,11
108,lstm,tcn,570,0.9151407371531812,0.7736542902968551,0.012280701754385965,7,3,4
108,lstm,tcn_gru,570,0.9012045678357282,0.6783700716060588,0.02631578947368421,15,2,13
108,tcn,tcn_gru,570,0.8601718274553805,0.6981544872001519,0.028070175438596492,16,3,13
109,gru,lstm,439,0.7124325860630013,0.8512447626639281,0.0387243735763098,17,14,3
109,gru,tcn,439,0.6476967068614218,0.6744745643472513,0.0683371298405467,30,12,18
109,gru,tcn_gru,439,0.714767413082548,0.6417198319513668,0.04783599088838269,21,10,11
109,lstm,tcn,439,0.7774202173056142,0.7159372455796458,0.04783599088838269,21,2,19
109,lstm,tcn_gru,439,0.7093216028791663,0.6144120709072187,0.04100227790432802,18,3,15
109,tcn,tcn_gru,439,0.6938190017021835,0.7870238882096465,0.06150341685649203,27,16,11
110,gru,lstm,520,0.9304494743898724,0.9256960440511413,0.09615384615384616,50,29,21
110,gru,tcn,520,0.8965048933613162,0.8941309807984609,0.08653846153846154,45,25,20
110,gru,tcn_gru,520,0.8753770484688317,0.8778028025251571,0.09615384615384616,50,38,12
110,lstm,tcn,520,0.9072079517097524,0.9138476558999562,0.09038461538461538,47,22,25
110,lstm,tcn_gru,520,0.8677607308549522,0.8740490335222563,0.11538461538461539,60,39,21
110,tcn,tcn_gru,520,0.9149465663227038,0.9194719086068535,0.07884615384615384,41,31,10
111,gru,lstm,699,0.9546283065442516,0.822738735003575,0.011444921316165951,8,2,6
111,gru,tcn,699,0.8759971623384547,0.39415869814605625,0.01430615164520744,10,10,0
111,gru,tcn_gru,699,0.8920065544413384,0.4490392977043984,0.015736766809728183,11,8,3
111,lstm,tcn,699,0.8713307270267949,0.46331292525372486,0.020028612303290415,14,14,0
111,lstm,tcn_gru,699,0.9070419725745275,0.43046096493616687,0.01859799713876967,13,11,2
111,tcn,tcn_gru,699,0.9021354240952352,0.35290494519683985,0.012875536480686695,9,2,7
112,gru,lstm,720,0.9019983614485048,0.7893095537092729,0.058333333333333334,42,16,26
112,gru,tcn,720,0.8357069733557236,0.518397669234187,0.07361111111111111,53,28,25
112,gru,tcn_gru,720,0.8478809888667777,0.6238922142982528,0.06944444444444445,50,25,25
112,lstm,tcn,720,0.8289201218770571,0.6441874566373263,0.0763888888888889,55,34,21
112,lstm,tcn_gru,720,0.8193786736463512,0.7005393207420024,0.07777777777777778,56,33,23
112,tcn,tcn_gru,720,0.8361455770166807,0.757175811167331,0.07083333333333333,51,24,27
113,gru,lstm,699,0.9278664108374495,0.6986535937837633,0.008583690987124463,6,5,1
113,gru,tcn,699,0.9179106111757188,0.5477835068752097,0.00715307582260372,5,5,0
113,gru,tcn_gru,699,0.8403056874232305,0.37123658908082824,0.01430615164520744,10,5,5
113,lstm,tcn,699,0.9390403168868816,0.7212417013486899,0.004291845493562232,3,2,1
113,lstm,tcn_gru,699,0.8420582665120835,0.623262610699924,0.01430615164520744,10,3,7
113,tcn,tcn_gru,699,0.8339019815138068,0.6589471539073714,0.015736766809728183,11,3,8
114,gru,lstm,509,0.9371121319927841,0.5985177413322584,0.005893909626719057,3,0,3
114,gru,tcn,509,0.9231215684139407,0.4758234138449094,0.0019646365422396855,1,1,0
114,gru,tcn_gru,509,0.9175304562985339,0.18812327616565558,0.0019646365422396855,1,1,0
114,lstm,tcn,509,0.8742595487852782,0.6835008749411929,0.007858546168958742,4,4,0
114,lstm,tcn_gru,509,0.869658044852327,0.47162633504742346,0.007858546168958742,4,4,0
114,tcn,tcn_gru,509,0.988218892144067,0.4262786289585061,0.0,0,0,0
115,gru,lstm,530,0.8641079976543924,0.8477662185300338,0.03018867924528302,16,12,4
115,gru,tcn,530,0.8243467939267792,0.7899297316762011,0.045283018867924525,24,9,15
115,gru,tcn_gru,530,0.7630516754884589,0.6870586466753277,0.0660377358490566,35,10,25
115,lstm,tcn,530,0.9090317006662065,0.7897520004336481,0.03018867924528302,16,1,15
115,lstm,tcn_gru,530,0.796480887722778,0.7608354899871015,0.05849056603773585,31,4,27
115,tcn,tcn_gru,530,0.793410072836284,0.7675600986509152,0.062264150943396226,33,12,21
116,gru,lstm,500,0.8252532085090345,0.7383079452317809,0.046,23,20,3
116,gru,tcn,500,0.7211546661721966,0.7657739430957724,0.076,38,19,19
116,gru,tcn_gru,500,0.6184390458656824,0.47991628766515065,0.086,43,23,20
116,lstm,tcn,500,0.825705748932346,0.7537436549746199,0.046,23,3,20
116,lstm,tcn_gru,500,0.7043347319759862,0.6349039156156624,0.052,26,6,20
116,tcn,tcn_gru,500,0.7527476825047499,0.6445174900699603,0.05,25,14,11
117,gru,lstm,710,0.8739552087464234,0.7447749825801319,0.02535211267605634,18,11,7
117,gru,tcn,710,0.7540599147465149,0.6538234315643733,0.036619718309859155,26,5,21
117,gru,tcn_gru,710,0.7994419353039937,0.4311014528249523,0.02676056338028169,19,13,6
117,lstm,tcn,710,0.7153783228062854,0.721051004149671,0.04225352112676056,30,5,25
117,lstm,tcn_gru,710,0.7489286747301215,0.5725693050065702,0.029577464788732393,21,12,9
117,tcn,tcn_gru,710,0.6068491328468328,0.613612081396151,0.054929577464788736,39,31,8
118,gru,lstm,570,0.9004272793094901,0.8757731512027789,0.02631578947368421,15,7,8
118,gru,tcn,570,0.6508982591266501,0.5926485332040841,0.042105263157894736,24,24,0
118,gru,tcn_gru,570,0.6215454044338026,0.44890915897588257,0.043859649122807015,25,25,0
118,lstm,tcn,570,0.6252497735896879,0.4547408660278393,0.043859649122807015,25,25,0
118,lstm,tcn_gru,570,0.5859630863100505,0.33362714663876925,0.0456140350877193,26,26,0
118,tcn,tcn_gru,570,0.9594058455509089,0.6881513137443037,0.0017543859649122807,1,1,0
119,gru,lstm,778,0.9254015281949873,0.6724525386873464,0.02956298200514139,23,8,15
119,gru,tcn,778,0.7695245703847778,0.40770538544363666,0.02956298200514139,23,17,6
119,gru,tcn_gru,778,0.7750822257381265,0.5085620214270419,0.02956298200514139,23,17,6
119,lstm,tcn,778,0.7929635090110458,0.3863811657634732,0.030848329048843187,24,21,3
119,lstm,tcn_gru,778,0.815712731992407,0.5022127595824677,0.02570694087403599,20,19,1
119,tcn,tcn_gru,778,0.8611351168188596,0.4896221290814584,0.017994858611825194,14,7,7
120,gru,lstm,512,0.9129603327690157,0.8074970352536592,0.037109375,19,12,7
120,gru,tcn,512,0.7601231749410713,0.6643978668131515,0.056640625,29,23,6
120,gru,tcn_gru,512,0.8476873778047429,0.5041853349126241,0.041015625,21,7,14
120,lstm,tcn,512,0.6861652215102101,0.7233257766276422,0.078125,40,26,14
120,lstm,tcn_gru,512,0.7844172008337515,0.5970608420308762,0.06640625,34,11,23
120,tcn,tcn_gru,512,0.8232568526431423,0.6678473795790846,0.05078125,26,1,25
121,gru,lstm,500,0.8769798781665205,0.8102727130908524,0.042,21,4,17
121,gru,tcn,500,0.6643452140472624,0.850136488545954,0.068,34,31,3
121,gru,tcn_gru,500,0.5722502106707799,0.7561081444325776,0.096,48,39,9
121,lstm,tcn,500,0.6015678267602285,0.7370529322117287,0.098,49,45,4
121,lstm,tcn_gru,500,0.5338386248552507,0.665126756507026,0.122,61,52,9
121,tcn,tcn_gru,500,0.6177029852704891,0.7958452953811814,0.048,24,13,11
122,gru,lstm,620,0.9040804352691681,0.7967624366113537,0.014516129032258065,9,3,6
122,gru,tcn,620,0.8471262961252776,0.7147597393132085,0.017741935483870968,11,8,3
122,gru,tcn_gru,620,0.8658898418200859,0.5191902667666636,0.017741935483870968,11,10,1
122,lstm,tcn,620,0.858945386240579,0.6615756360012013,0.016129032258064516,10,9,1
122,lstm,tcn_gru,620,0.8880713035918647,0.5823386637322158,0.01935483870967742,12,12,0
122,tcn,tcn_gru,620,0.9023393428695539,0.6335470981135276,0.012903225806451613,8,6,2
123,gru,lstm,660,0.9803459502207994,0.747457638791641,0.0030303030303030303,2,1,1
123,gru,tcn,660,0.9658946032349565,0.41071427453398035,0.0030303030303030303,2,1,1
123,gru,tcn_gru,660,0.9680919177359602,0.23137706510303788,0.0030303030303030303,2,1,1
123,lstm,tcn,660,0.9757335713484037,0.6726922947690214,0.0030303030303030303,2,1,1
123,lstm,tcn_gru,660,0.9740222830080113,0.48620680947385103,0.0030303030303030303,2,1,1
123,tcn,tcn_gru,660,0.9789632418576976,0.5873058394616066,0.0030303030303030303,2,1,1
124,gru,lstm,709,0.9635864501315582,0.8019715717433392,0.011283497884344146,8,6,2
124,gru,tcn,709,0.9255584498894274,0.44388217377704586,0.012693935119887164,9,8,1
124,gru,tcn_gru,709,0.9295693098027742,0.4027435680998087,0.011283497884344146,8,6,2
124,lstm,tcn,709,0.9566540882093784,0.6301531096298714,0.007052186177715092,5,4,1
124,lstm,tcn_gru,709,0.92906218201426,0.5580216686629202,0.011283497884344146,8,4,4
124,tcn,tcn_gru,709,0.9421325146864522,0.6248193855826984,0.007052186177715092,5,1,4
125,gru,lstm,559,0.8652233536523308,0.9148535073328771,0.06440071556350627,36,22,14
125,gru,tcn,559,0.7170373341001189,0.8679742737882271,0.08765652951699464,49,23,26
125,gru,tcn_gru,559,0.775936609461037,0.7571408648865512,0.08228980322003578,46,17,29
125,lstm,tcn,559,0.7236909304451138,0.852885130623315,0.09481216457960644,53,21,32
125,lstm,tcn_gru,559,0.8291746111825873,0.766106636549247,0.07871198568872988,44,12,32
125,tcn,tcn_gru,559,0.8242554673949444,0.8288533671879508,0.0626118067978533,35,13,22
126,gru,lstm,580,0.822402170978362,0.8125907750556068,0.07241379310344828,42,8,34
126,gru,tcn,580,0.6054119768886674,0.7295060637660267,0.05,29,23,6
126,gru,tcn_gru,580,0.5888082598089772,0.6058111411418152,0.05344827586206897,31,22,9
126,lstm,tcn,580,0.5359130006382933,0.788547835898073,0.08793103448275862,51,47,4
126,lstm,tcn_gru,580,0.4958336523328582,0.6905181869928475,0.09827586206896552,57,48,9
126,tcn,tcn_gru,580,0.6577949543248194,0.6911207350138706,0.03103448275862069,18,7,11
127,gru,lstm,579,0.9684977831239439,0.792371593037051,0.008635578583765112,5,4,1
127,gru,tcn,579,0.7813352019075732,0.5487800248897551,0.03626943005181347,21,21,0
127,gru,tcn_gru,579,0.9236736786143699,0.47688832314394825,0.02072538860103627,12,11,1
127,lstm,tcn,579,0.7894460082257988,0.6734415310228603,0.031088082901554404,18,18,0
127,lstm,tcn_gru,579,0.9354679084185372,0.5226907889978134,0.012089810017271158,7,7,0
127,tcn,tcn_gru,579,0.8628509857424502,0.47035541160520383,0.018998272884283247,11,0,11
128,gru,lstm,709,0.9872431675753139,0.7493442258100249,0.0,0,0,0
128,gru,tcn,709,0.847773230972875,0.38360997184849427,0.015514809590973202,11,6,5
128,gru,tcn_gru,709,0.9449718131079284,0.3987879128660226,0.00846262341325811,6,4,2
128,lstm,tcn,709,0.8551055858086763,0.5855511159760552,0.015514809590973202,11,6,5
128,lstm,tcn_gru,709,0.9392773359618889,0.5249922138073354,0.00846262341325811,6,4,2
128,tcn,tcn_gru,709,0.8290932620682927,0.5410985046806381,0.018335684062059238,13,7,6
129,gru,lstm,509,0.8735356949488673,0.8458126124388157,0.023575638506876228,12,5,7
129,gru,tcn,509,0.7724235558880743,0.7114473065187897,0.03536345776031434,18,5,13
129,gru,tcn_gru,509,0.7194963103688211,0.6048559008709374,0.0275049115913556,14,5,9
129,lstm,tcn,509,0.8562087334893163,0.7644528182388158,0.023575638506876228,12,3,9
129,lstm,tcn_gru,509,0.7975527913907814,0.7408351388758714,0.03143418467583497,16,7,9
129,tcn,tcn_gru,509,0.7117404128481731,0.7922332703327144,0.03929273084479371,20,12,8
130,gru,lstm,570,0.8074497780790155,0.7508466841760217,0.04912280701754386,28,27,1
130,gru,tcn,570,0.676389905154696,0.679809158506101,0.05964912280701754,34,31,3
130,gru,tcn_gru,570,0.6860008579872757,0.3074321882379318,0.054385964912280704,31,29,2
130,lstm,tcn,570,0.8620035725236418,0.7434906815575562,0.014035087719298246,8,5,3
130,lstm,tcn_gru,570,0.9096422968430332,0.5725669564355303,0.008771929824561403,5,3,2
130,tcn,tcn_gru,570,0.8803553985221213,0.5657547341432908,0.012280701754385965,7,3,4
131,gru,lstm,439,0.943600679979333,0.7953118573004989,0.004555808656036446,2,1,1
131,gru,tcn,439,0.9031240606418094,0.5537835054763315,0.011389521640091117,5,2,3
131,gru,tcn_gru,439,0.9101798110059954,0.4731645566029439,0.002277904328018223,1,1,0
131,lstm,tcn,439,0.9240012137350382,0.675091272193965,0.011389521640091117,5,2,3
131,lstm,tcn_gru,439,0.929366722476711,0.6187826402698309,0.002277904328018223,1,1,0
131,tcn,tcn_gru,439,0.9113896092911331,0.6946286278392246,0.009111617312072893,4,3,1
132,gru,lstm,519,0.8165508770983988,0.7848542724265269,0.10789980732177264,56,36,20
132,gru,tcn,519,0.6991504673689131,0.7543461615715952,0.1579961464354528,82,33,49
132,gru,tcn_gru,519,0.6703112376877779,0.7305462230317723,0.15606936416184972,81,33,48
132,lstm,tcn,519,0.7357261656678183,0.7631055243772008,0.13872832369942195,72,20,52
132,lstm,tcn_gru,519,0.7258046009135629,0.7437746677631072,0.1599229287090559,83,26,57
132,tcn,tcn_gru,519,0.7702651779769312,0.8033144718115818,0.1329479768786127,69,35,34
133,gru,lstm,700,0.8843287953848533,0.823601319302984,0.05142857142857143,36,23,13
133,gru,tcn,700,0.7494790972894478,0.6074167148446076,0.05714285714285714,40,40,0
133,gru,tcn_gru,700,0.7527297453328146,0.5710867981363227,0.06142857142857143,43,42,1
133,lstm,tcn,700,0.7495018724553275,0.6397530723823635,0.05142857142857143,36,33,3
133,lstm,tcn_gru,700,0.7772079967143187,0.5531232162864472,0.05,35,33,2
133,tcn,tcn_gru,700,0.9163372891981937,0.43981100836065845,0.015714285714285715,11,6,5
134,gru,lstm,560,0.9318974149154693,0.7965713493073276,0.019642857142857142,11,7,4
134,gru,tcn,560,0.8196566177851292,0.6011458445794972,0.02857142857142857,16,9,7
134,gru,tcn_gru,560,0.7955865751696765,0.4942328533299806,0.0375,21,12,9
134,lstm,tcn,560,0.8289735223076544,0.6854709585899736,0.033928571428571426,19,9,10
134,lstm,tcn_gru,560,0.8179752506188416,0.6502695662750383,0.03214285714285714,18,9,9
134,tcn,tcn_gru,560,0.8183874373929847,0.6979349651716273,0.030357142857142857,17,9,8
135,gru,lstm,718,0.9753534312044153,0.7333543693845768,0.001392757660167131,1,1,0
135,gru,tcn,718,0.9503733910793312,0.47217991678807714,0.001392757660167131,1,0,1
135,gru,tcn_gru,718,0.8650701889675856,0.28235984199197817,0.006963788300835654,5,2,3
135,lstm,tcn,718,0.9421821047261927,0.5234171499374163,0.002785515320334262,2,0,2
135,lstm,tcn_gru,718,0.8831297636067157,0.2627107100050715,0.008356545961002786,6,2,4
135,tcn,tcn_gru,718,0.864272768173012,0.48741342698601586,0.008356545961002786,6,3,3
136,gru,lstm,629,0.9511825695839828,0.7583178907645,0.003179650238473768,2,2,0
136,gru,tcn,629,0.87355741677752,0.3516149238142494,0.0047694753577106515,3,2,1
136,gru,tcn_gru,629,0.9284190822065014,0.2290523783967021,0.003179650238473768,2,1,1
136,lstm,tcn,629,0.9106363702577263,0.5650898128230463,0.0047694753577106515,3,1,2
136,lstm,tcn_gru,629,0.9322734455979591,0.3574970838740041,0.003179650238473768,2,0,2
136,tcn,tcn_gru,629,0.8640090883341724,0.4291882633583645,0.00794912559618442,5,2,3
137,gru,lstm,700,0.9369310882436481,0.7478163366514159,0.007142857142857143,5,5,0
137,gru,tcn,700,0.8183907722882464,0.6671578046952281,0.018571428571428572,13,11,2
137,gru,tcn_gru,700,0.8152535352417278,0.47021840569353934,0.02,14,7,7
137,lstm,tcn,700,0.855579255977279,0.7519223042146149,0.011428571428571429,8,6,2
137,lstm,tcn_gru,700,0.8283114384623577,0.6534320507359637,0.015714285714285715,11,3,8
137,tcn,tcn_gru,700,0.8217309514750486,0.6847148201177087,0.018571428571428572,13,2,11
138,gru,lstm,530,0.9454812644425719,0.6199172642930075,0.007547169811320755,4,2,2
138,gru,tcn,530,0.9159447624334874,0.4455463915822293,0.009433962264150943,5,4,1
138,gru,tcn_gru,530,0.9126636068509858,0.22433991079987323,0.009433962264150943,5,4,1
138,lstm,tcn,530,0.9318301200901311,0.5680253031254705,0.005660377358490566,3,3,0
138,lstm,tcn_gru,530,0.9250186998414515,0.5233348829401987,0.005660377358490566,3,3,0
138,tcn,tcn_gru,530,0.9832040560866819,0.5195787487438411,0.0,0,0,0
139,gru,lstm,529,0.8851428719394769,0.7552549066655426,0.026465028355387523,14,10,4
139,gru,tcn,529,0.7940798138009423,0.6862939232896789,0.04158790170132325,22,13,9
139,gru,tcn_gru,529,0.8030172344641439,0.613408823405435,0.03969754253308128,21,12,9
139,lstm,tcn,529,0.8027982653580776,0.6812705288790462,0.03780718336483932,20,9,11
139,lstm,tcn_gru,529,0.8093893373141543,0.6618546271647531,0.043478260869565216,23,10,13
139,tcn,tcn_gru,529,0.8671385504139296,0.7876798354122961,0.03213610586011342,17,8,9
140,gru,lstm,499,0.8883300494630751,0.6576250331989278,0.014028056112224449,7,6,1
140,gru,tcn,499,0.8671983027205263,0.60965806311418,0.014028056112224449,7,7,0
140,gru,tcn_gru,499,0.8654882562489766,0.3892293502667986,0.014028056112224449,7,5,2
140,lstm,tcn,499,0.92227999482525,0.5901184537750198,0.008016032064128256,4,3,1
140,lstm,tcn_gru,499,0.898990568003348,0.652054277229157,0.012024048096192385,6,2,4
140,tcn,tcn_gru,499,0.9458697093588966,0.6191955960112997,0.008016032064128256,4,0,4
141,gru,lstm,707,0.8754101552045329,0.8119611898084912,0.005657708628005658,4,3,1
141,gru,tcn,707,0.8361186163505113,0.6726482644217479,0.007072135785007072,5,3,2
141,gru,tcn_gru,707,0.8519849286015932,0.4531263444681243,0.004243281471004243,3,2,1
141,lstm,tcn,707,0.8810317411584914,0.7082744837598948,0.004243281471004243,3,1,2
141,lstm,tcn_gru,707,0.9491885727198627,0.5298486440019209,0.0014144271570014145,1,0,1
141,tcn,tcn_gru,707,0.878710447975846,0.6129000075994815,0.005657708628005658,4,2,2
142,gru,lstm,570,0.8985316829287332,0.8345967597055669,0.015789473684210527,9,4,5
142,gru,tcn,570,0.7936972149461484,0.7127329448617311,0.02280701754385965,13,11,2
142,gru,tcn_gru,570,0.8052809531344625,0.6016697658754195,0.021052631578947368,12,12,0
142,lstm,tcn,570,0.8190207281537324,0.6512631536829018,0.02456140350877193,14,12,2
142,lstm,tcn_gru,570,0.8251730951636517,0.5144588577405675,0.02280701754385965,13,13,0
142,tcn,tcn_gru,570,0.926552486947698,0.6734962654791021,0.008771929824561403,5,4,1
144,gru,lstm,456,0.9056326320241515,0.8660916303551338,0.03289473684210526,15,10,5
144,gru,tcn,456,0.8394156041699254,0.7645815430682412,0.02850877192982456,13,10,3
144,gru,tcn_gru,456,0.7956295714313852,0.612072598597993,0.046052631578947366,21,13,8
144,lstm,tcn,456,0.8566715856164258,0.7786116106627452,0.03508771929824561,16,9,7
144,lstm,tcn_gru,456,0.8460669234476992,0.6696394242634023,0.04824561403508772,22,11,11
144,tcn,tcn_gru,456,0.8886584063566458,0.6215718981007476,0.021929824561403508,10,4,6
145,gru,lstm,500,0.8874919056596287,0.843384109536438,0.066,33,11,22
145,gru,tcn,500,0.694139891359488,0.8445601142404568,0.12,60,53,7
145,gru,tcn_gru,500,0.7287435046079991,0.8361728486913947,0.132,66,47,19
145,lstm,tcn,500,0.6342523935177189,0.7319612638450553,0.154,77,67,10
145,lstm,tcn_gru,500,0.7086295853028524,0.7788567794271177,0.15,75,57,18
145,tcn,tcn_gru,500,0.7051015949441131,0.8709241236964947,0.084,42,12,30
146,gru,lstm,617,0.8820483733443403,0.7788259128009879,0.006482982171799027,4,4,0
146,gru,tcn,617,0.8344274806215753,0.6516204371141692,0.006482982171799027,4,4,0
146,gru,tcn_gru,617,0.824172729490318,0.412300449310632,0.006482982171799027,4,4,0
146,lstm,tcn,617,0.9761383542676108,0.48399333028766617,0.0,0,0,0
146,lstm,tcn_gru,617,0.9667093493445756,0.4554784721356637,0.0,0,0,0
146,tcn,tcn_gru,617,0.9955409529541172,0.6077322857716149,0.0,0,0,0
147,gru,lstm,660,0.9647885327992637,0.6831253264835528,0.0030303030303030303,2,1,1
147,gru,tcn,660,0.8605254390404036,0.293510858297738,0.013636363636363636,9,6,3
147,gru,tcn_gru,660,0.9091586906238112,0.20020853207568512,0.00909090909090909,6,4,2
147,lstm,tcn,660,0.8611406099257131,0.6261587544340719,0.013636363636363636,9,6,3
147,lstm,tcn_gru,660,0.9104504384290557,0.4004901505533968,0.00909090909090909,6,4,2
147,tcn,tcn_gru,660,0.8577189957228611,0.4837845649950361,0.013636363636363636,9,4,5
148,gru,lstm,690,0.8119765158214052,0.7672377420224163,0.06086956521739131,42,25,17
148,gru,tcn,690,0.8009410680718733,0.6588474611190202,0.059420289855072465,41,21,20
148,gru,tcn_gru,690,0.7864591631802569,0.5437378250796762,0.05652173913043478,39,29,10
148,lstm,tcn,690,0.7584388588960139,0.6027453552088226,0.06231884057971015,43,18,25
148,lstm,tcn_gru,690,0.7808508706904156,0.5707346946565828,0.04492753623188406,31,21,10
148,tcn,tcn_gru,690,0.7865912814612072,0.7003192156691561,0.05217391304347826,36,27,9
149,gru,lstm,560,0.8927594978144979,0.8848588484019402,0.10892857142857143,61,61,0
149,gru,tcn,560,0.8287832640741362,0.8610114235969231,0.1,56,33,23
149,gru,tcn_gru,560,0.8183235984561089,0.7753339000261026,0.11071428571428571,62,29,33
149,lstm,tcn,560,0.8377276573759955,0.8579042708317676,0.11964285714285715,67,8,59
149,lstm,tcn_gru,560,0.8033360531541682,0.7477249153035748,0.13035714285714287,73,4,69
149,tcn,tcn_gru,560,0.8654701843411468,0.8297569735326236,0.08928571428571429,50,18,32
150,gru,lstm,580,0.795226985896802,0.8289747673406304,0.039655172413793106,23,3,20
150,gru,tcn,580,0.7124609299130776,0.7547114580178564,0.020689655172413793,12,9,3
150,gru,tcn_gru,580,0.7154253961719841,0.5053872295122449,0.022413793103448276,13,9,4
150,lstm,tcn,580,0.6080615992461844,0.7865468374923441,0.05,29,26,3
150,lstm,tcn_gru,580,0.6139924031042838,0.6228022941968235,0.05172413793103448,30,26,4
150,tcn,tcn_gru,580,0.8699823130190278,0.6520227465725391,0.008620689655172414,5,2,3
151,gru,lstm,570,0.8177786921289998,0.8013493748097588,0.14736842105263157,84,22,62
151,gru,tcn,570,0.7520303611712535,0.590733444126199,0.08947368421052632,51,45,6
151,gru,tcn_gru,570,0.6973235916295318,0.5738705518362711,0.11228070175438597,64,49,15
151,lstm,tcn,570,0.6510636334778406,0.5846154618739006,0.18070175438596492,103,91,12
151,lstm,tcn_gru,570,0.6896995704014277,0.6167366668281205,0.1649122807017544,94,84,10
151,tcn,tcn_gru,570,0.830544187269077,0.7205602842405601,0.05789473684210526,33,14,19
152,gru,lstm,696,0.9515219719609553,0.6923289271417676,0.007183908045977011,5,3,2
152,gru,tcn,696,0.9383759772739627,0.52083412377603,0.01293103448275862,9,2,7
152,gru,tcn_gru,696,0.9633091706655015,0.4493817818648658,0.007183908045977011,5,0,5
152,lstm,tcn,696,0.9112030858021846,0.7477197700603679,0.014367816091954023,10,2,8
152,lstm,tcn_gru,696,0.9068384674837475,0.5587677208947729,0.011494252873563218,8,1,7
152,tcn,tcn_gru,696,0.929666136310998,0.6802232127126677,0.011494252873563218,8,4,4
153,gru,lstm,510,0.7868374896523946,0.7598618444605822,0.023529411764705882,12,12,0
153,gru,tcn,510,0.7960945685075863,0.6901884644376362,0.011764705882352941,6,4,2
153,gru,tcn_gru,510,0.6775045416657233,0.5298915820062181,0.027450980392156862,14,7,7
153,lstm,tcn,510,0.7804745296758636,0.6938758386795254,0.027450980392156862,14,2,12
153,lstm,tcn_gru,510,0.7566978290253183,0.5733281648639218,0.027450980392156862,14,1,13
153,tcn,tcn_gru,510,0.7123378662629493,0.6309007226433917,0.027450980392156862,14,6,8
154,gru,lstm,570,0.8177875865649088,0.7757696035415703,0.04035087719298246,23,20,3
154,gru,tcn,570,0.7528893935612404,0.6173502988216096,0.043859649122807015,25,16,9
154,gru,tcn_gru,570,0.7841275006824142,0.46557668690885473,0.0456140350877193,26,16,10
154,lstm,tcn,570,0.8091538438935253,0.6961305383810775,0.028070175438596492,16,3,13
154,lstm,tcn_gru,570,0.9020542726889549,0.6395000810778282,0.02280701754385965,13,1,12
154,tcn,tcn_gru,570,0.8587665089178603,0.709275870509394,0.02280701754385965,13,6,7
155,gru,lstm,352,0.8896166084998952,0.8628984330117472,0.05113636363636364,18,8,10
155,gru,tcn,352,0.7832815944881824,0.7047958336910176,0.08238636363636363,29,15,14
155,gru,tcn_gru,352,0.6565451797983153,0.6561419380116262,0.12215909090909091,43,15,28
155,lstm,tcn,352,0.7679771817407763,0.7137115324084161,0.07670454545454546,27,15,12
155,lstm,tcn_gru,352,0.7040833264398032,0.7005118740246218,0.09375,33,11,22
155,tcn,tcn_gru,352,0.6776562546543496,0.6773685867170285,0.09659090909090909,34,10,24
156,gru,lstm,520,0.7826255581738022,0.7785228495667512,0.21923076923076923,114,74,40
156,gru,tcn,520,0.6314987138018078,0.7277182693267811,0.25769230769230766,134,109,25
156,gru,tcn_gru,520,0.6530127630521065,0.7023631744200236,0.2423076923076923,126,77,49
156,lstm,tcn,520,0.6641195979922004,0.7327340195557162,0.22692307692307692,118,84,34
156,lstm,tcn_gru,520,0.620845192874766,0.6428886713566019,0.23461538461538461,122,58,64
156,tcn,tcn_gru,520,0.7309154266663257,0.7935441556878764,0.18076923076923077,94,19,75
157,gru,lstm,698,0.9783867513435639,0.8247861439022784,0.0057306590257879654,4,1,3
157,gru,tcn,698,0.9591119082539054,0.5672507838983377,0.0057306590257879654,4,4,0
157,gru,tcn_gru,698,0.9768521118943724,0.5611579734474866,0.004297994269340974,3,1,2
157,lstm,tcn,698,0.9393641648154477,0.614821065596428,0.011461318051575931,8,7,1
157,lstm,tcn_gru,698,0.9766770566621406,0.5321030406375503,0.004297994269340974,3,2,1
157,tcn,tcn_gru,698,0.9455615063804444,0.6325395966604226,0.01002865329512894,7,1,6
158,gru,lstm,560,0.7309927752360358,0.6120882537435206,0.019642857142857142,11,10,1
158,gru,tcn,560,0.6689096458192606,0.6284899778743829,0.019642857142857142,11,10,1
158,gru,tcn_gru,560,0.7105080937924098,0.20366118149975881,0.017857142857142856,10,10,0
158,lstm,tcn,560,0.9177237485092898,0.49693965405319723,0.0035714285714285713,2,1,1
158,lstm,tcn_gru,560,0.9614184443726913,0.47973743083182213,0.0017857142857142857,1,1,0
158,tcn,tcn_gru,560,0.9493477907850981,0.47441669137975573,0.0017857142857142857,1,1,0
159,gru,lstm,720,0.937279304442812,0.8517881657436324,0.03888888888888889,28,17,11
159,gru,tcn,720,0.8015310309276917,0.6547724822000042,0.0625,45,37,8
159,gru,tcn_gru,720,0.8085282689656799,0.654027013940999,0.07222222222222222,52,36,16
159,lstm,tcn,720,0.7711638942733907,0.6533871271613821,0.07083333333333333,51,37,14
159,lstm,tcn_gru,720,0.7987148592690443,0.6849198204471845,0.075,54,34,20
159,tcn,tcn_gru,720,0.8429654700522343,0.7476214910393989,0.04861111111111111,35,13,22
160,gru,lstm,630,0.9277597361050016,0.8193215762340402,0.03492063492063492,22,15,7
160,gru,tcn,630,0.7995117020596406,0.4515416960462174,0.044444444444444446,28,26,2
160,gru,tcn_gru,630,0.8403259613098792,0.5363698021291012,0.04285714285714286,27,20,7
160,lstm,tcn,630,0.8449649057663309,0.6113043992600253,0.02857142857142857,18,17,1
160,lstm,tcn_gru,630,0.8822124271961146,0.6440934055551377,0.023809523809523808,15,10,5
160,tcn,tcn_gru,630,0.9046513560181656,0.5773840028151579,0.020634920634920634,13,1,12
161,gru,lstm,699,0.9328664601140285,0.7568702379927584,0.005722460658082976,4,4,0
161,gru,tcn,699,0.8593576059926967,0.6859524014483002,0.011444921316165951,8,5,3
161,gru,tcn_gru,699,0.7836550657427175,0.462656763038479,0.015736766809728183,11,8,3
161,lstm,tcn,699,0.8970813672226458,0.7789713625160087,0.005722460658082976,4,1,3
161,lstm,tcn_gru,699,0.8612041885906432,0.6424757430795528,0.010014306151645207,7,4,3
161,tcn,tcn_gru,699,0.8391148355535865,0.6836922871513423,0.010014306151645207,7,5,2
162,gru,lstm,530,0.9536858462717237,0.8185862144635752,0.009433962264150943,5,5,0
162,gru,tcn,530,0.8727527021564632,0.6421177906757194,0.011320754716981131,6,6,0
162,gru,tcn_gru,530,0.8503160567850468,0.5118051630321434,0.011320754716981131,6,6,0
162,lstm,tcn,530,0.9491766842863767,0.7596560960909403,0.0018867924528301887,1,1,0
162,lstm,tcn_gru,530,0.9220471282407826,0.6594897501263968,0.0018867924528301887,1,1,0
162,tcn,tcn_gru,530,0.9745616614539899,0.6527966575241878,0.0,0,0,0
163,gru,lstm,530,0.775028184639184,0.7971240183220358,0.10943396226415095,58,46,12
163,gru,tcn,530,0.4568806605449042,0.6777898616215176,0.1339622641509434,71,70,1
163,gru,tcn_gru,530,0.4546010545047324,0.4427150240733139,0.13018867924528302,69,69,0
163,lstm,tcn,530,0.5431159190622338,0.5316327959683623,0.0660377358490566,35,35,0
163,lstm,tcn_gru,530,0.5552407937129179,0.3751557113088456,0.0660377358490566,35,35,0
163,tcn,tcn_gru,530,0.9051832723706426,0.5695063162096737,0.0037735849056603774,2,1,1
164,gru,lstm,500,0.7977362190964562,0.7230273721094884,0.032,16,15,1
164,gru,tcn,500,0.7304332078678495,0.6308640274561098,0.038,19,14,5
164,gru,tcn_gru,500,0.7336224512116044,0.4982619610478442,0.038,19,15,4
164,lstm,tcn,500,0.8765486935366837,0.7065974823899295,0.018,9,2,7
164,lstm,tcn_gru,500,0.846465256986239,0.6478357433429733,0.014,7,2,5
164,tcn,tcn_gru,500,0.8323549446198197,0.7267260749042995,0.02,10,6,4
165,gru,lstm,710,0.9237950926535824,0.8425090711977014,0.01267605633802817,9,8,1
165,gru,tcn,710,0.7108013420467121,0.6128936779101825,0.022535211267605635,16,15,1
165,gru,tcn_gru,710,0.8242881152246115,0.47511155379187336,0.018309859154929577,13,11,2
165,lstm,tcn,710,0.7580381052177485,0.6613185387880298,0.015492957746478873,11,9,2
165,lstm,tcn_gru,710,0.8565429900523487,0.5951179274560672,0.011267605633802818,8,5,3
165,tcn,tcn_gru,710,0.7338992962150473,0.5334249819975837,0.015492957746478873,11,3,8
166,gru,lstm,570,0.8555740730021858,0.7378946428857811,0.01929824561403509,11,5,6
166,gru,tcn,570,0.7153791005844004,0.7018356959839018,0.02280701754385965,13,8,5
166,gru,tcn_gru,570,0.7516832725272042,0.35411876176580226,0.02456140350877193,14,9,5
166,lstm,tcn,570,0.650347390521252,0.5314613885675565,0.028070175438596492,16,10,6
166,lstm,tcn_gru,570,0.6680481089403644,0.2707546847352238,0.02631578947368421,15,10,5
166,tcn,tcn_gru,570,0.9245755819929583,0.5726097227624262,0.005263157894736842,3,2,1
167,gru,lstm,773,0.8861707226430676,0.7810337971485211,0.01034928848641656,8,6,2
167,gru,tcn,773,0.8900986203737696,0.41056124064262484,0.01034928848641656,8,8,0
167,gru,tcn_gru,773,0.8850816967791892,0.37277269283471187,0.01034928848641656,8,8,0
167,lstm,tcn,773,0.9171062441225645,0.47536076318780074,0.00517464424320828,4,4,0
167,lstm,tcn_gru,773,0.9154954365915116,0.42003351349604356,0.00517464424320828,4,4,0
167,tcn,tcn_gru,773,0.9775339358772106,0.592878130082226,0.00258732212160414,2,1,1
168,gru,lstm,570,0.9087446745520905,0.8139547496622838,0.02280701754385965,13,10,3
168,gru,tcn,570,0.8423355516134231,0.494033141635433,0.03333333333333333,19,19,0
168,gru,tcn_gru,570,0.8926178119326469,0.40110307964531816,0.02456140350877193,14,10,4
168,lstm,tcn,570,0.8419167035593303,0.6464143593774326,0.02456140350877193,14,13,1
168,lstm,tcn_gru,570,0.8814212581695573,0.4868524809572401,0.02280701754385965,13,6,7
168,tcn,tcn_gru,570,0.8623905900105253,0.6221079230938327,0.02982456140350877,17,2,15
169,gru,lstm,500,0.8793658263145754,0.8652071088284352,0.124,62,11,51
169,gru,tcn,500,0.5676377811834014,0.8588903795615183,0.178,89,82,7
169,gru,tcn_gru,500,0.5529087453709984,0.7978312553250213,0.174,87,81,6
169,lstm,tcn,500,0.45929183779512084,0.7805847863391453,0.254,127,121,6
169,lstm,tcn_gru,500,0.42097393655371285,0.6817434629738519,0.27,135,125,10
169,tcn,tcn_gru,500,0.582561055015917,0.8115129420517683,0.056,28,14,14
170,gru,lstm,619,0.9167864531417994,0.6972587956186469,0.009693053311793215,6,1,5
170,gru,tcn,619,0.828497909231945,0.6537903744408584,0.006462035541195477,4,4,0
170,gru,tcn_gru,619,0.7485240074359891,0.27675129410205185,0.011308562197092083,7,7,0
170,lstm,tcn,619,0.8079771188650644,0.6758465990072186,0.012924071082390954,8,8,0
170,lstm,tcn_gru,619,0.7441846567014556,0.40971556823362093,0.017770597738287562,11,11,0
170,tcn,tcn_gru,619,0.9116091421611505,0.46355719574371856,0.004846526655896607,3,3,0
171,gru,lstm,594,0.9486763621292335,0.8512765789028062,0.016835016835016835,10,5,5
171,gru,tcn,594,0.8629946143445798,0.526389778150516,0.026936026936026935,16,10,6
171,gru,tcn_gru,594,0.919095806399244,0.4816680415331342,0.021885521885521887,13,7,6
171,lstm,tcn,594,0.8752156694827301,0.6653490564808885,0.020202020202020204,12,8,4
171,lstm,tcn_gru,594,0.9053942033319412,0.5817383379331598,0.021885521885521887,13,7,6
171,tcn,tcn_gru,594,0.9448019175823602,0.5653242215686416,0.008417508417508417,5,1,4
172,gru,lstm,710,0.9205979810413002,0.8206603783311174,0.03380281690140845,24,18,6
172,gru,tcn,710,0.8320380429098406,0.6700939444909505,0.04366197183098591,31,11,20
172,gru,tcn_gru,710,0.8219613430697823,0.5746336882351161,0.054929577464788736,39,16,23
172,lstm,tcn,710,0.7740960535555832,0.7457172857477776,0.05211267605633803,37,8,29
172,lstm,tcn_gru,710,0.795099091383318,0.6680559142348211,0.054929577464788736,39,10,29
172,tcn,tcn_gru,710,0.8560663603745073,0.7462655013355441,0.04788732394366197,34,18,16
173,gru,lstm,560,0.8707261959462833,0.8878002298658936,0.15714285714285714,88,83,5
173,gru,tcn,560,0.7755061222495531,0.7359582961498147,0.1357142857142857,76,24,52
173,gru,tcn_gru,560,0.8309209313062998,0.7597082807753124,0.11785714285714285,66,40,26
173,lstm,tcn,560,0.7709043370606428,0.7777381305425082,0.2,112,3,109
173,lstm,tcn_gru,560,0.8358764888260201,0.7931490534089715,0.1357142857142857,76,6,70
173,tcn,tcn_gru,560,0.8491694515730956,0.8880613914129647,0.12857142857142856,72,57,15
